timestamp,bs_id,connected_vehicles,packets_sent,packets_received,avg_rssi,avg_snr,utilization
1.0,J2,0,0,0,0.0,0.0,0.00243605359317905
1.0,J3,0,0,0,0.0,0.0,0.00024525833878351864
2.0,J2,0,0,0,0.0,0.0,0.0007970618113620379
2.0,J3,0,0,0,0.0,0.0,0.0001944826760816229
3.0,J2,0,0,0,0.0,0.0,0.0007472527472527472
3.0,J3,0,0,0,0.0,0.0,0.00018175597656417056
4.0,J2,0,0,0,0.0,0.0,0.0006430868167202572
4.0,J3,0,0,0,0.0,0.0,0.00016624412950417688
5.0,J2,0,0,0,0.0,0.0,0.000586421243626981
5.0,J3,0,0,0,0.0,0.0,0.00016350110363244952
6.0,J2,0,0,0,0.0,0.0,0.0005442807098810109
6.0,J3,0,0,0,0.0,0.0,0.00016050904296483132
7.0,J2,0,0,0,0.0,0.0,0.0005431279091605882
7.0,J3,0,0,0,0.0,0.0,0.00018112387363591081
8.0,J2,0,0,0,0.0,0.0,0.0005145275742038245
8.0,J3,0,0,0,0.0,0.0,0.00017745205467297804
9.0,J2,0,0,0,0.0,0.0,0.0004922855256048508
9.0,J3,0,0,0,0.0,0.0,0.00017493986442160508
10.0,J2,0,0,0,0.0,0.0,0.0004696013765414396
10.0,J3,0,0,0,0.0,0.0,0.00017094077970363143
11.0,J2,0,0,0,0.0,0.0,0.00047115571531651453
11.0,J3,0,0,0,0.0,0.0,0.00017367198277698224
12.0,J2,0,0,0,0.0,0.0,0.0004636167597458648
12.0,J3,0,0,0,0.0,0.0,0.0001760803898055526
13.0,J2,0,0,0,0.0,0.0,0.0004517846907110244
13.0,J3,0,0,0,0.0,0.0,0.00017419889580377337
14.0,J2,0,0,0,0.0,0.0,0.00044332287546037375
14.0,J3,0,0,0,0.0,0.0,0.00016193739813615278
15.0,J2,0,0,0,0.0,0.0,0.00043680660019680836
15.0,J3,0,0,0,0.0,0.0,0.00017109183476439433
16.0,J2,0,0,0,0.0,0.0,0.00042582417582417585
16.0,J3,0,0,0,0.0,0.0,0.000168795235412328
17.0,J2,0,0,0,0.0,0.0,0.00041939452335274733
17.0,J3,0,0,0,0.0,0.0,0.00016709511568123393
18.0,J2,0,0,0,0.0,0.0,0.00041317520053244644
18.0,J3,0,0,0,0.0,0.0,0.00016838227238977048
19.0,J2,0,0,0,0.0,0.0,0.00041792430926398884
19.0,J3,0,0,0,0.0,0.0,0.0001659158652222983
20.0,J2,0,0,0,0.0,0.0,0.00041208841976102565
20.0,J3,0,0,0,0.0,0.0,0.00016583717369232783
21.0,J2,0,0,0,0.0,0.0,0.000415493613576612
21.0,J3,0,0,0,0.0,0.0,0.00016784275633517127
22.0,J2,0,0,0,0.0,0.0,0.00041838098710136624
22.0,J3,0,0,0,0.0,0.0,0.000171280276816609
23.0,J2,0,0,0,0.0,0.0,0.00041383626215013173
23.0,J3,0,0,0,0.0,0.0,0.0001744814210840665
24.0,J2,0,0,0,0.0,0.0,0.00041562283700221394
24.0,J3,0,0,0,0.0,0.0,0.00017783056499544002
25.0,J2,0,0,0,0.0,0.0,0.00040853957277091574
25.0,J3,0,0,0,0.0,0.0,0.00017802708510319325
26.0,J2,0,0,0,0.0,0.0,0.00040125166564357475
26.0,J3,0,0,0,0.0,0.0,0.00017625461921533833
27.0,J2,0,0,0,0.0,0.0,0.0003962925597160629
27.0,J3,0,0,0,0.0,0.0,0.00017665056057593873
28.0,J2,0,0,0,0.0,0.0,0.00039597821415234593
28.0,J3,0,0,0,0.0,0.0,0.0001827773153667919
29.0,J2,0,0,0,0.0,0.0,0.00038876257147276675
29.0,J3,0,0,0,0.0,0.0,0.00018436452280316015
30.0,J2,0,0,0,0.0,0.0,0.00038316572050455476
30.0,J3,0,0,0,0.0,0.0,0.00017921146953405018
31.0,J2,0,0,0,0.0,0.0,0.0003842034182461696
31.0,J3,0,0,0,0.0,0.0,0.00017941456639758785
32.0,J2,0,0,0,0.0,0.0,0.00038234665258021105
32.0,J3,0,0,0,0.0,0.0,0.0001857557938863752
33.0,J2,0,0,0,0.0,0.0,0.00038108080378735694
33.0,J3,0,0,0,0.0,0.0,0.00018523731703244943
34.0,J2,0,0,0,0.0,0.0,0.0003743352883270174
34.0,J3,0,0,0,0.0,0.0,0.00018442920933069932
35.0,J2,0,0,0,0.0,0.0,0.00036791377940579624
35.0,J3,0,0,0,0.0,0.0,0.00018361257746155613
36.0,J2,0,0,0,0.0,0.0,0.00037161528778423546
36.0,J3,0,0,0,0.0,0.0,0.0001882408502694406
37.0,J2,0,0,0,0.0,0.0,0.0003699067314346957
37.0,J3,0,0,0,0.0,0.0,0.00018843139526950563
38.0,J2,0,0,0,0.0,0.0,0.0003640331069645337
38.0,J3,0,0,0,0.0,0.0,0.0001885381447425243
39.0,J2,0,0,0,0.0,0.0,0.0003634273042728374
39.0,J3,0,0,0,0.0,0.0,0.00018756264899956338
40.0,J2,0,0,0,0.0,0.0,0.0003644165690729143
40.0,J3,0,0,0,0.0,0.0,0.0001873569908075485
41.0,J2,0,0,0,0.0,0.0,0.0003582200830410458
41.0,J3,0,0,0,0.0,0.0,0.00018513331052284168
42.0,J2,0,0,0,0.0,0.0,0.00035512503990434293
42.0,J3,0,0,0,0.0,0.0,0.00018389529850450684
43.0,J2,0,0,0,0.0,0.0,0.0003568273735212074
43.0,J3,0,0,0,0.0,0.0,0.00018136269332759324
44.0,J2,0,0,0,0.0,0.0,0.0003539548435644412
44.0,J3,0,0,0,0.0,0.0,0.00017982185173777345
45.0,J2,0,0,0,0.0,0.0,0.00035171735092728634
45.0,J3,0,0,0,0.0,0.0,0.0001788055787340565
46.0,J2,0,0,0,0.0,0.0,0.0003514761156003263
46.0,J3,0,0,0,0.0,0.0,0.00017715877624426753
47.0,J2,0,0,0,0.0,0.0,0.00034813620461255956
47.0,J3,0,0,0,0.0,0.0,0.0001754656572902716
48.0,J2,0,0,0,0.0,0.0,0.0003439934220195512
48.0,J3,0,0,0,0.0,0.0,0.00017454250030544938
49.0,J2,0,0,0,0.0,0.0,0.00034469833099541304
49.0,J3,0,0,0,0.0,0.0,0.00017290247682798056
50.0,J2,0,0,0,0.0,0.0,0.0003423768478003228
50.0,J3,0,0,0,0.0,0.0,0.00017209673189057655
51.0,J2,0,0,0,0.0,0.0,0.0003399394409607978
51.0,J3,0,0,0,0.0,0.0,0.0001704944999059719
52.0,J2,0,0,0,0.0,0.0,0.0003395687263609979
52.0,J3,0,0,0,0.0,0.0,0.00017207469463852227
53.0,J2,0,0,0,0.0,0.0,0.0003351991601360425
53.0,J3,0,0,0,0.0,0.0,0.00017051899215681673
54.0,J2,0,0,0,0.0,0.0,0.00033448365261521887
54.0,J3,0,0,0,0.0,0.0,0.00016840415924726697
55.0,J2,0,0,0,0.0,0.0,0.00033114139933693344
55.0,J3,0,0,0,0.0,0.0,0.00016635678637831491
56.0,J2,0,0,0,0.0,0.0,0.0003261261981489483
56.0,J3,0,0,0,0.0,0.0,0.00016478327829994358
57.0,J2,0,0,0,0.0,0.0,0.00032208400049267154
57.0,J3,0,0,0,0.0,0.0,0.00015992786023289187
58.0,J2,0,0,0,0.0,0.0,0.0003204509270657277
58.0,J3,0,0,0,0.0,0.0,0.00015827368207296715
59.0,J2,0,0,0,0.0,0.0,0.00031422686831396665
59.0,J3,0,0,0,0.0,0.0,0.00015609205833781107
60.0,J2,0,0,0,0.0,0.0,0.0003116670360914928
60.0,J3,0,0,0,0.0,0.0,0.0001562262043045377
61.0,J2,0,0,0,0.0,0.0,0.0003063075927765911
61.0,J3,0,0,0,0.0,0.0,0.00015410518795387518
62.0,J2,0,0,0,0.0,0.0,0.0003030798180466901
62.0,J3,0,0,0,0.0,0.0,0.00015113082189364288
63.0,J2,0,0,0,0.0,0.0,0.0002983256981025668
63.0,J3,0,0,0,0.0,0.0,0.00014852046060737212
64.0,J2,0,0,0,0.0,0.0,0.000295842740504786
64.0,J3,0,0,0,0.0,0.0,0.00014802551781702462
65.0,J2,0,0,0,0.0,0.0,0.00029075248758904295
65.0,J3,0,0,0,0.0,0.0,0.00014524390910319795
66.0,J2,0,0,0,0.0,0.0,0.0002873493740619298
66.0,J3,0,0,0,0.0,0.0,0.00014494416629927346
67.0,J2,0,0,0,0.0,0.0,0.00028259638925646954
67.0,J3,0,0,0,0.0,0.0,0.00014229619222594475
68.0,J2,0,0,0,0.0,0.0,0.00027916169359841605
68.0,J3,0,0,0,0.0,0.0,0.0001418678097574497
69.0,J2,0,0,0,0.0,0.0,0.0002737476047084588
69.0,J3,0,0,0,0.0,0.0,0.000139309204188761
70.0,J2,0,0,0,0.0,0.0,0.0002705773233210143
70.0,J3,0,0,0,0.0,0.0,0.00013621602548716718
71.0,J2,0,0,0,0.0,0.0,0.0002652488248721477
71.0,J3,0,0,0,0.0,0.0,0.0001335146377342566
72.0,J2,0,0,0,0.0,0.0,0.00026206652558752037
72.0,J3,0,0,0,0.0,0.0,0.0001309391494963079
73.0,J2,0,0,0,0.0,0.0,0.000256685882612726
73.0,J3,0,0,0,0.0,0.0,0.0001284334000017174
74.0,J2,0,0,0,0.0,0.0,0.0002545585165937391
74.0,J3,0,0,0,0.0,0.0,0.00012772917073735552
75.0,J2,0,0,0,0.0,0.0,0.0002527121808324129
75.0,J3,0,0,0,0.0,0.0,0.00012696769233413267
76.0,J2,0,0,0,0.0,0.0,0.0002494273733593846
76.0,J3,0,0,0,0.0,0.0,0.00012599682215582605
77.0,J2,0,0,0,0.0,0.0,0.00024647344471948014
77.0,J3,0,0,0,0.0,0.0,0.0001236496483093225
78.0,J2,0,0,0,0.0,0.0,0.00024298746833057978
78.0,J3,0,0,0,0.0,0.0,0.00012125609769007134
79.0,J2,0,0,0,0.0,0.0,0.0002397230420542708
79.0,J3,0,0,0,0.0,0.0,0.0001188507197624479
80.0,J2,0,0,0,0.0,0.0,0.0002375321318115965
80.0,J3,0,0,0,0.0,0.0,0.00011778858278287306
81.0,J2,0,0,0,0.0,0.0,0.00023431361379713727
81.0,J3,0,0,0,0.0,0.0,0.00011561796186661385
82.0,J2,0,0,0,0.0,0.0,0.00023097184111076354
82.0,J3,0,0,0,0.0,0.0,0.00011456774473394491
83.0,J2,0,0,0,0.0,0.0,0.00022807797883558293
83.0,J3,0,0,0,0.0,0.0,0.00011245101387329762
84.0,J2,0,0,0,0.0,0.0,0.0002262508033250249
84.0,J3,0,0,0,0.0,0.0,0.0001111757168545617
85.0,J2,0,0,0,0.0,0.0,0.00022337836602784295
85.0,J3,0,0,0,0.0,0.0,0.00011018464696027778
86.0,J2,0,0,0,0.0,0.0,0.0002216060272763906
86.0,J3,0,0,0,0.0,0.0,0.00010845114454144513
87.0,J2,0,0,0,0.0,0.0,0.0002196624924189199
87.0,J3,0,0,0,0.0,0.0,0.00010642979519442248
88.0,J2,0,0,0,0.0,0.0,0.00021641082525945227
88.0,J3,0,0,0,0.0,0.0,0.00010562688110286975
89.0,J2,0,0,0,0.0,0.0,0.00021448280523861973
89.0,J3,0,0,0,0.0,0.0,0.00010449726296654405
90.0,J2,0,0,0,0.0,0.0,0.000211160839097259
90.0,J3,0,0,0,0.0,0.0,0.00010359636131411985
91.0,J2,0,0,0,0.0,0.0,0.0002083082714747695
91.0,J3,0,0,0,0.0,0.0,0.00010277951164480816992.0,J2,0,0,0,0.0,0.0,0.0002077619610838428
92.0,J3,0,0,0,0.0,0.0,0.00010177754263491322
93.0,J2,0,0,0,0.0,0.0,0.00020632566534811562
93.0,J3,0,0,0,0.0,0.0,9.966391576188998e-05
94.0,J2,0,0,0,0.0,0.0,0.0002041404388816513
94.0,J3,0,0,0,0.0,0.0,9.877102078531682e-05
95.0,J2,0,0,0,0.0,0.0,0.00020201166493946364
95.0,J3,0,0,0,0.0,0.0,9.690681728604465e-05
96.0,J2,0,0,0,0.0,0.0,0.00019987173615700846
96.0,J3,0,0,0,0.0,0.0,9.60415698647677e-05
97.0,J2,0,0,0,0.0,0.0,0.00019800401472790542
97.0,J3,0,0,0,0.0,0.0,9.42779988821323e-05
98.0,J2,0,0,0,0.0,0.0,0.0001960089657235931
98.0,J3,0,0,0,0.0,0.0,9.3497716778466e-05
99.0,J2,0,0,0,0.0,0.0,0.00019401578563600934
99.0,J3,0,0,0,0.0,0.0,9.199419619627086e-05
100.0,J2,0,0,0,0.0,0.0,0.00019205794504233327
100.0,J3,0,0,0,0.0,0.0,9.036114858367555e-05
101.0,J2,0,0,0,0.0,0.0,0.00018952523422075736
101.0,J3,0,0,0,0.0,0.0,8.949248474195349e-05
102.0,J2,0,0,0,0.0,0.0,0.00018757319351603313
102.0,J3,0,0,0,0.0,0.0,8.880833710919801e-05
103.0,J2,0,0,0,0.0,0.0,0.00018569286368164584
103.0,J3,0,0,0,0.0,0.0,8.814644276826799e-05
104.0,J2,0,0,0,0.0,0.0,0.0001832313628032797
104.0,J3,0,0,0,0.0,0.0,8.74211757630205e-05
105.0,J2,0,0,0,0.0,0.0,0.000180770077466106
105.0,J3,0,0,0,0.0,0.0,8.66772874419465e-05
106.0,J2,0,0,0,0.0,0.0,0.00017882419503320284
106.0,J3,0,0,0,0.0,0.0,8.594164995412958e-05
107.0,J2,0,0,0,0.0,0.0,0.00017737575200535977
107.0,J3,0,0,0,0.0,0.0,8.442347515019068e-05
108.0,J2,0,0,0,0.0,0.0,0.00017548241653377397
108.0,J3,0,0,0,0.0,0.0,8.35143759968017e-05
109.0,J2,0,0,0,0.0,0.0,0.00017428926435070723
109.0,J3,0,0,0,0.0,0.0,8.26011103532787e-05
110.0,J2,0,0,0,0.0,0.0,0.0001726121121091939
110.0,J3,0,0,0,0.0,0.0,8.17345065329998e-05
111.0,J2,0,0,0,0.0,0.0,0.00017118916760491923
111.0,J3,0,0,0,0.0,0.0,8.046884750478413e-05
112.0,J2,0,0,0,0.0,0.0,0.00016946742855427854
112.0,J3,0,0,0,0.0,0.0,7.914305145345826e-05
113.0,J2,0,0,0,0.0,0.0,0.00016805191565916596
113.0,J3,0,0,0,0.0,0.0,7.78051962503453e-05
114.0,J2,0,0,0,0.0,0.0,0.00016625912404029175
114.0,J3,0,0,0,0.0,0.0,7.687058017299211e-05
115.0,J2,0,0,0,0.0,0.0,0.0001648365352950809
115.0,J3,0,0,0,0.0,0.0,7.588308031344771e-05
116.0,J2,0,0,0,0.0,0.0,0.00016295087684043308
116.0,J3,0,0,0,0.0,0.0,7.503934861140744e-05
117.0,J2,0,0,0,0.0,0.0,0.00016063623866466144
117.0,J3,0,0,0,0.0,0.0,7.3994166144164e-05
118.0,J2,0,0,0,0.0,0.0,0.00015894488298562605
118.0,J3,0,0,0,0.0,0.0,7.302753629435055e-05
119.0,J2,0,0,0,0.0,0.0,0.00015744620297506858
119.0,J3,0,0,0,0.0,0.0,7.221762798532207e-05
120.0,J2,0,0,0,0.0,0.0,0.0001557235769012799
120.0,J3,0,0,0,0.0,0.0,7.160443917687713e-05
121.0,J2,0,0,0,0.0,0.0,0.00015401756968200117
121.0,J3,0,0,0,0.0,0.0,7.099043224103972e-05
122.0,J2,0,0,0,0.0,0.0,0.00015253391607959656
122.0,J3,0,0,0,0.0,0.0,7.022418868096314e-05
123.0,J2,0,0,0,0.0,0.0,0.00015132298813791474
123.0,J3,0,0,0,0.0,0.0,6.945547704336816e-05
124.0,J2,0,0,0,0.0,0.0,0.0001499434997634453
124.0,J3,0,0,0,0.0,0.0,6.874319351932588e-05
125.0,J2,0,0,0,0.0,0.0,0.00014857189214962578
125.0,J3,0,0,0,0.0,0.0,6.809812365758466e-05
126.0,J2,0,0,0,0.0,0.0,0.000146899796362615
126.0,J3,0,0,0,0.0,0.0,6.739568201481638e-05
127.0,J2,0,0,0,0.0,0.0,0.0001455403446828496
127.0,J3,0,0,0,0.0,0.0,6.651569591519313e-05
128.0,J2,0,0,0,0.0,0.0,0.00014451938575481594
128.0,J3,0,0,0,0.0,0.0,6.567534087975988e-05
129.0,J2,0,0,0,0.0,0.0,0.00014331000550193865
129.0,J3,0,0,0,0.0,0.0,6.523928294700761e-05
130.0,J2,0,0,0,0.0,0.0,0.0001421235353368072
130.0,J3,0,0,0,0.0,0.0,6.480762920956092e-05
131.0,J2,0,0,0,0.0,0.0,0.00014057467232196958
131.0,J3,0,0,0,0.0,0.0,6.402322997450294e-05
132.0,J2,0,0,0,0.0,0.0,0.00014009778975919367
132.0,J3,0,0,0,0.0,0.0,6.34843674541926e-05
133.0,J2,0,0,0,0.0,0.0,0.00013929523489918046
133.0,J3,0,0,0,0.0,0.0,6.263411581219951e-05
134.0,J2,0,0,0,0.0,0.0,0.00013829844563630257
134.0,J3,0,0,0,0.0,0.0,6.174839992150164e-05
135.0,J2,0,0,0,0.0,0.0,0.00013727003817132642
135.0,J3,0,0,0,0.0,0.0,6.128669886177113e-05
136.0,J2,0,0,0,0.0,0.0,0.00013621378851014598
136.0,J3,0,0,0,0.0,0.0,6.092397014074367e-05
137.0,J2,0,0,0,0.0,0.0,0.00013544153865252618
137.0,J3,0,0,0,0.0,0.0,6.068542006447769e-05
138.0,J2,0,0,0,0.0,0.0,0.00012996986206097137
138.0,J3,0,0,0,0.0,0.0,5.816453304962369e-05
139.0,J2,0,0,0,0.0,0.0,0.00012903565972776398
139.0,J3,0,0,0,0.0,0.0,5.784689167350274e-05
140.0,J2,0,0,0,0.0,0.0,0.0001281823746289776
140.0,J3,0,0,0,0.0,0.0,5.72100789856653e-05
141.0,J2,0,0,0,0.0,0.0,0.00012737339964298167
141.0,J3,0,0,0,0.0,0.0,5.6877218444481245e-05
142.0,J2,0,0,0,0.0,0.0,0.00012701081742828006
142.0,J3,0,0,0,0.0,0.0,5.634880180533939e-05
143.0,J2,0,0,0,0.0,0.0,0.00012641194692927053
143.0,J3,0,0,0,0.0,0.0,5.591329773945155e-05
144.0,J2,0,0,0,0.0,0.0,0.00012558137567390931
144.0,J3,0,0,0,0.0,0.0,5.5576753876131644e-05
145.0,J2,0,0,0,0.0,0.0,0.00012486494133757774
145.0,J3,0,0,0,0.0,0.0,5.503041488699716e-05
146.0,J2,0,0,0,0.0,0.0,0.00012416014461926996
146.0,J3,0,0,0,0.0,0.0,5.4587992311441836e-05
147.0,J2,0,0,0,0.0,0.0,0.0001233827381282098
147.0,J3,0,0,0,0.0,0.0,5.4371575983233044e-05
148.0,J2,0,0,0,0.0,0.0,0.00012286447205055116
148.0,J3,0,0,0,0.0,0.0,5.3924204313373986e-05
149.0,J2,0,0,0,0.0,0.0,0.00012227839570251283
149.0,J3,0,0,0,0.0,0.0,5.372769668315673e-05
150.0,J2,0,0,0,0.0,0.0,0.00012179463511387464
150.0,J3,0,0,0,0.0,0.0,5.330397857850168e-05
151.0,J2,0,0,0,0.0,0.0,0.00012140772132672675
151.0,J3,0,0,0,0.0,0.0,5.306204665902605e-05
152.0,J2,0,0,0,0.0,0.0,0.00012108045790492466
152.0,J3,0,0,0,0.0,0.0,5.2638725295405915e-05
153.0,J2,0,0,0,0.0,0.0,0.00012130826569323132
153.0,J3,0,0,0,0.0,0.0,5.2733759086173176e-05
154.0,J2,0,0,0,0.0,0.0,0.00012073653800617867
154.0,J3,0,0,0,0.0,0.0,5.2579039484487104e-05
155.0,J2,0,0,0,0.0,0.0,0.00012045986538881349
155.0,J3,0,0,0,0.0,0.0,5.2425507807859944e-05
156.0,J2,0,0,0,0.0,0.0,0.000119833714789894
156.0,J3,0,0,0,0.0,0.0,5.2211427412499204e-05
157.0,J2,0,0,0,0.0,0.0,0.00011921655623404867
157.0,J3,0,0,0,0.0,0.0,5.2055441104724465e-05
158.0,J2,0,0,0,0.0,0.0,0.00011890591372866992
158.0,J3,0,0,0,0.0,0.0,5.1879449983203825e-05
159.0,J2,0,0,0,0.0,0.0,0.00011839395179768006
159.0,J3,0,0,0,0.0,0.0,5.1687810840222054e-05
160.0,J2,0,0,0,0.0,0.0,0.00011794766556414117
160.0,J3,0,0,0,0.0,0.0,5.142906020766293e-05
161.0,J2,0,0,0,0.0,0.0,0.00011737569545893712
161.0,J3,0,0,0,0.0,0.0,5.097753526422615e-05
162.0,J2,0,0,0,0.0,0.0,0.00011688009121034035
162.0,J3,0,0,0,0.0,0.0,5.0755756875120525e-05
163.0,J2,0,0,0,0.0,0.0,0.00011606557674190023
163.0,J3,0,0,0,0.0,0.0,5.050799666183846e-05
164.0,J2,0,0,0,0.0,0.0,0.00011575593380123618
164.0,J3,0,0,0,0.0,0.0,5.029319560015394e-05
165.0,J2,0,0,0,0.0,0.0,0.00011518905378323672
165.0,J3,0,0,0,0.0,0.0,4.989842178779161e-05
166.0,J2,0,0,0,0.0,0.0,0.00011490783686344709
166.0,J3,0,0,0,0.0,0.0,4.9700328369721986e-05
167.0,J2,0,0,0,0.0,0.0,0.00011458689169125347
167.0,J3,0,0,0,0.0,0.0,4.953662168872207e-05
168.0,J2,0,0,0,0.0,0.0,0.00011433959645686902
168.0,J3,0,0,0,0.0,0.0,4.9405131190744146e-05
169.0,J2,0,0,0,0.0,0.0,0.00011407321054663653
169.0,J3,0,0,0,0.0,0.0,4.904660918928256e-05
170.0,J2,0,0,0,0.0,0.0,0.00011365291649484555
170.0,J3,0,0,0,0.0,0.0,4.886497135835577e-05
171.0,J2,0,0,0,0.0,0.0,0.00011301814224079017
171.0,J3,0,0,0,0.0,0.0,4.843702690910614e-05
172.0,J2,0,0,0,0.0,0.0,0.0001125206237729173
172.0,J3,0,0,0,0.0,0.0,4.830296656020292e-05
173.0,J2,0,0,0,0.0,0.0,0.00011227562375422784
173.0,J3,0,0,0,0.0,0.0,4.82163187170031e-05
174.0,J2,0,0,0,0.0,0.0,0.00011187448760035879
174.0,J3,0,0,0,0.0,0.0,4.80762200936599e-05
175.0,J2,0,0,0,0.0,0.0,0.00011142365299158641
175.0,J3,0,0,0,0.0,0.0,4.7856115356316286e-05
176.0,J2,0,0,0,0.0,0.0,0.00011075645287770182
176.0,J3,0,0,0,0.0,0.0,4.766329903445818e-05
177.0,J2,0,0,0,0.0,0.0,0.00011020259368771074
177.0,J3,0,0,0,0.0,0.0,4.751724159617402e-05
178.0,J2,0,0,0,0.0,0.0,0.00010962765613999469
178.0,J3,0,0,0,0.0,0.0,4.70828688701104e-05
179.0,J2,0,0,0,0.0,0.0,0.0001091347632078672
179.0,J3,0,0,0,0.0,0.0,4.672998900244916e-05
180.0,J2,0,0,0,0.0,0.0,0.00010880583611207457
180.0,J3,0,0,0,0.0,0.0,4.637865619637204e-05
181.0,J2,0,0,0,0.0,0.0,0.00010826053768232253
181.0,J3,0,0,0,0.0,0.0,4.601105049443734e-05
182.0,J2,0,0,0,0.0,0.0,0.00010780362900363363
182.0,J3,0,0,0,0.0,0.0,4.5889781822974884e-05
183.0,J2,0,0,0,0.0,0.0,0.00010764227896113677
183.0,J3,0,0,0,0.0,0.0,4.576561605565687e-05
184.0,J2,0,0,0,0.0,0.0,0.00010730333202355782
184.0,J3,0,0,0,0.0,0.0,4.550798163032263e-05
185.0,J2,0,0,0,0.0,0.0,0.00010713921131415753
185.0,J3,0,0,0,0.0,0.0,4.541873424888728e-05
186.0,J2,0,0,0,0.0,0.0,0.00010700988300491386
186.0,J3,0,0,0,0.0,0.0,4.5208389802402756e-05
187.0,J2,0,0,0,0.0,0.0,0.00010672690877805177
187.0,J3,0,0,0,0.0,0.0,4.5121710592816126e-05
188.0,J2,0,0,0,0.0,0.0,0.00010647211352732695
188.0,J3,0,0,0,0.0,0.0,4.508459534387865e-05
189.0,J2,0,0,0,0.0,0.0,0.00010625550936559224
189.0,J3,0,0,0,0.0,0.0,4.500754224928097e-05
190.0,J2,0,0,0,0.0,0.0,0.00010613684872093002
190.0,J3,0,0,0,0.0,0.0,4.4961354544700244e-05
191.0,J2,0,0,0,0.0,0.0,0.00010601233094003388
191.0,J3,0,0,0,0.0,0.0,4.47385282417766e-05
192.0,J2,0,0,0,0.0,0.0,0.00010571160041211296
192.0,J3,0,0,0,0.0,0.0,4.460528006511918e-05
193.0,J2,0,0,0,0.0,0.0,0.00010554738892559081
193.0,J3,0,0,0,0.0,0.0,4.455710962556652e-05
194.0,J2,0,0,0,0.0,0.0,0.00010548333778814612
194.0,J3,0,0,0,0.0,0.0,4.451898901827838e-05
195.0,J2,0,0,0,0.0,0.0,0.0001054207147546538
195.0,J3,0,0,0,0.0,0.0,4.4482095404712564e-05
196.0,J2,0,0,0,0.0,0.0,0.00010508840844954561
196.0,J3,0,0,0,0.0,0.0,4.437226264704282e-05
197.0,J2,0,0,0,0.0,0.0,0.000105001571227024
197.0,J3,0,0,0,0.0,0.0,4.4324451077284816e-05
198.0,J2,0,0,0,0.0,0.0,0.00010486337781999072
198.0,J3,0,0,0,0.0,0.0,4.4256215176226634e-05
199.0,J2,0,0,0,0.0,0.0,0.00010457467475694916
199.0,J3,0,0,0,0.0,0.0,4.4128534981670314e-05
200.0,J2,0,0,0,0.0,0.0,0.00010449492036623619
200.0,J3,0,0,0,0.0,0.0,4.408442050236364e-05
201.0,J2,0,0,0,0.0,0.0,0.00010415336152878693
201.0,J3,0,0,0,0.0,0.0,4.396961605235339e-05
202.0,J2,0,0,0,0.0,0.0,0.00010375739513702448
202.0,J3,0,0,0,0.0,0.0,4.370698340006694e-05
203.0,J2,0,0,0,0.0,0.0,0.00010358501954065001
203.0,J3,0,0,0,0.0,0.0,4.3639815897614404e-05
204.0,J2,0,0,0,0.0,0.0,0.00010336285963687471
204.0,J3,0,0,0,0.0,0.0,4.34148510340248e-05
205.0,J2,0,0,0,0.0,0.0,0.00010309703840280452
205.0,J3,0,0,0,0.0,0.0,4.315547147706322e-05
206.0,J2,0,0,0,0.0,0.0,0.00010290836330792624
206.0,J3,0,0,0,0.0,0.0,4.3035977543032304e-05
207.0,J2,0,0,0,0.0,0.0,0.00010254607781768181
207.0,J3,0,0,0,0.0,0.0,4.2947351675381816e-05
208.0,J2,0,0,0,0.0,0.0,0.00010218243447223462
208.0,J3,0,0,0,0.0,0.0,4.2725429926688016e-05
209.0,J2,0,0,0,0.0,0.0,0.00010192150990050068
209.0,J3,0,0,0,0.0,0.0,4.266422613418634e-05
210.0,J2,0,0,0,0.0,0.0,0.00010178187949722073
210.0,J3,0,0,0,0.0,0.0,4.246993808805305e-05
211.0,J2,0,0,0,0.0,0.0,0.00010149049653289848
211.0,J3,0,0,0,0.0,0.0,4.237744028490945e-05
212.0,J2,0,0,0,0.0,0.0,0.00010117074853636215
212.0,J3,0,0,0,0.0,0.0,4.230432481806048e-05
213.0,J2,0,0,0,0.0,0.0,0.00010093450496251875
213.0,J3,0,0,0,0.0,0.0,4.223348812231926e-05
214.0,J2,0,0,0,0.0,0.0,0.00010075754504054226
214.0,J3,0,0,0,0.0,0.0,4.204137695465874e-05
215.0,J2,0,0,0,0.0,0.0,0.00010041772411214667
215.0,J3,0,0,0,0.0,0.0,4.181665282734585e-05
216.0,J2,0,0,0,0.0,0.0,0.00010011821627297532
216.0,J3,0,0,0,0.0,0.0,4.176389439471112e-05
217.0,J2,0,0,0,0.0,0.0,9.994396923589987e-05
217.0,J3,0,0,0,0.0,0.0,4.1698344006160024e-05
218.0,J2,0,0,0,0.0,0.0,9.981088225776932e-05
218.0,J3,0,0,0,0.0,0.0,4.1650109639833246e-05
219.0,J2,0,0,0,0.0,0.0,9.96595176353423e-05
219.0,J3,0,0,0,0.0,0.0,4.1401738759105646e-05
220.0,J2,0,0,0,0.0,0.0,9.940522885190204e-05
220.0,J3,0,0,0,0.0,0.0,4.129418596902103e-05
221.0,J2,0,0,0,0.0,0.0,9.915666635169612e-05
221.0,J3,0,0,0,0.0,0.0,4.1100696736530865e-05
222.0,J2,0,0,0,0.0,0.0,9.892985451214377e-05
222.0,J3,0,0,0,0.0,0.0,4.1034367367149695e-05
223.0,J2,0,0,0,0.0,0.0,9.876088532677596e-05
223.0,J3,0,0,0,0.0,0.0,4.0972587448848965e-05
224.0,J2,0,0,0,0.0,0.0,9.854115493525026e-05
224.0,J3,0,0,0,0.0,0.0,4.090887805799638e-05
225.0,J2,0,0,0,0.0,0.0,9.843253283756577e-05
225.0,J3,0,0,0,0.0,0.0,4.074530673235964e-05
226.0,J2,0,0,0,0.0,0.0,9.817013652502686e-05
226.0,J3,0,0,0,0.0,0.0,4.0664247930658983e-05
227.0,J2,0,0,0,0.0,0.0,9.792581880691745e-05
227.0,J3,0,0,0,0.0,0.0,4.0505297231963955e-05
228.0,J2,0,0,0,0.0,0.0,9.780986339885688e-05
228.0,J3,0,0,0,0.0,0.0,4.032616158191321e-05
229.0,J2,0,0,0,0.0,0.0,9.768140349174711e-05
229.0,J3,0,0,0,0.0,0.0,4.028273696382613e-05
230.0,J2,0,0,0,0.0,0.0,9.772634424285734e-05
230.0,J3,0,0,0,0.0,0.0,4.022578489941164e-05
231.0,J2,0,0,0,0.0,0.0,9.755522596126279e-05
231.0,J3,0,0,0,0.0,0.0,4.018309658517787e-05
232.0,J2,0,0,0,0.0,0.0,9.72718978082307e-05
232.0,J3,0,0,0,0.0,0.0,4.009352359126625e-05
233.0,J2,0,0,0,0.0,0.0,9.715195474493176e-05
233.0,J3,0,0,0,0.0,0.0,4.0026355732559796e-05
234.0,J2,0,0,0,0.0,0.0,9.703242239535173e-05
234.0,J3,0,0,0,0.0,0.0,3.997046376133507e-05
235.0,J2,0,0,0,0.0,0.0,9.691142772993663e-05
235.0,J3,0,0,0,0.0,0.0,3.98767677177747e-05
236.0,J2,0,0,0,0.0,0.0,9.665606301106727e-05
236.0,J3,0,0,0,0.0,0.0,3.9824818461451286e-05
237.0,J2,0,0,0,0.0,0.0,9.647312396772772e-05
237.0,J3,0,0,0,0.0,0.0,3.9769396379681185e-05
238.0,J2,0,0,0,0.0,0.0,9.618880939495882e-05
238.0,J3,0,0,0,0.0,0.0,3.961055362924522e-05
239.0,J2,0,0,0,0.0,0.0,9.602818512741588e-05
239.0,J3,0,0,0,0.0,0.0,3.9564333212213446e-05
240.0,J2,0,0,0,0.0,0.0,9.597214583523622e-05
240.0,J3,0,0,0,0.0,0.0,3.941076605854216e-05
241.0,J2,0,0,0,0.0,0.0,9.588830684544577e-05
241.0,J3,0,0,0,0.0,0.0,3.92732485358442e-05
242.0,J2,0,0,0,0.0,0.0,9.568438305742771e-05
242.0,J3,0,0,0,0.0,0.0,3.908323719449154e-05
243.0,J2,0,0,0,0.0,0.0,9.554824105898511e-05
243.0,J3,0,0,0,0.0,0.0,3.902360716477461e-05
244.0,J2,0,0,0,0.0,0.0,9.495482183625035e-05
244.0,J3,0,0,0,0.0,0.0,3.874171108011442e-05
245.0,J2,0,0,0,0.0,0.0,9.465106009929285e-05
245.0,J3,0,0,0,0.0,0.0,3.8580110474146344e-05
246.0,J2,0,0,0,0.0,0.0,9.450272931595771e-05
246.0,J3,0,0,0,0.0,0.0,3.841760630752247e-05
247.0,J2,0,0,0,0.0,0.0,9.424836199566516e-05
247.0,J3,0,0,0,0.0,0.0,3.824336236812656e-05
248.0,J2,0,0,0,0.0,0.0,9.402599081947674e-05
248.0,J3,0,0,0,0.0,0.0,3.809277150404801e-05
249.0,J2,0,0,0,0.0,0.0,9.394181719211353e-05
249.0,J3,0,0,0,0.0,0.0,3.807002640629498e-05
250.0,J2,0,0,0,0.0,0.0,9.385236618489916e-05
250.0,J3,0,0,0,0.0,0.0,3.8012182461920594e-05
251.0,J2,0,0,0,0.0,0.0,9.371494534789379e-05
251.0,J3,0,0,0,0.0,0.0,3.798300853778118e-05
252.0,J2,0,0,0,0.0,0.0,9.351140306083435e-05
252.0,J3,0,0,0,0.0,0.0,3.78418220348037e-05
253.0,J2,0,0,0,0.0,0.0,9.330564929458747e-05
253.0,J3,0,0,0,0.0,0.0,3.7652678090715974e-05
254.0,J2,0,0,0,0.0,0.0,9.316651903452354e-05
254.0,J3,0,0,0,0.0,0.0,3.7618454429717514e-05
255.0,J2,0,0,0,0.0,0.0,9.312882416608157e-05
255.0,J3,0,0,0,0.0,0.0,3.759218138250694e-05
256.0,J2,0,0,0,0.0,0.0,9.294964181907356e-05
256.0,J3,0,0,0,0.0,0.0,3.747706430154373e-05
257.0,J2,0,0,0,0.0,0.0,9.272711615716679e-05
257.0,J3,0,0,0,0.0,0.0,3.741351300118433e-05
258.0,J2,0,0,0,0.0,0.0,9.265287496889202e-05
258.0,J3,0,0,0,0.0,0.0,3.7281898053047845e-05
259.0,J2,0,0,0,0.0,0.0,9.241560143503868e-05
259.0,J3,0,0,0,0.0,0.0,3.722161755612848e-05
260.0,J2,0,0,0,0.0,0.0,9.46052581562044e-05
260.0,J3,0,0,0,0.0,0.0,3.708919837639619e-05
261.0,J2,0,0,0,0.0,0.0,9.45379171753598e-05
261.0,J3,0,0,0,0.0,0.0,3.6959772626158666e-05
262.0,J2,0,0,0,0.0,0.0,9.433325129219237e-05
262.0,J3,0,0,0,0.0,0.0,3.6940703267074427e-05
263.0,J2,0,0,0,0.0,0.0,9.416786992278235e-05
263.0,J3,0,0,0,0.0,0.0,3.690184138865092e-05
264.0,J2,0,0,0,0.0,0.0,9.410555357860546e-05
264.0,J3,0,0,0,0.0,0.0,3.686382004876901e-05
265.0,J2,0,0,0,0.0,0.0,9.402639538103619e-05
265.0,J3,0,0,0,0.0,0.0,3.684971723729253e-05
266.0,J2,0,0,0,0.0,0.0,9.396215825330919e-05
266.0,J3,0,0,0,0.0,0.0,3.684118197960963e-05
267.0,J2,0,0,0,0.0,0.0,9.381525619382879e-05
267.0,J3,0,0,0,0.0,0.0,3.681239032166675e-05
268.0,J2,0,0,0,0.0,0.0,9.362792805961897e-05
268.0,J3,0,0,0,0.0,0.0,3.670292245090539e-05
269.0,J2,0,0,0,0.0,0.0,9.355228247852716e-05
269.0,J3,0,0,0,0.0,0.0,3.666013704156019e-05
270.0,J2,0,0,0,0.0,0.0,9.345051137454832e-05
270.0,J3,0,0,0,0.0,0.0,3.653052020075258e-05
271.0,J2,0,0,0,0.0,0.0,9.342709011652057e-05
271.0,J3,0,0,0,0.0,0.0,3.6487749517396286e-05
272.0,J2,0,0,0,0.0,0.0,9.327393243339506e-05
272.0,J3,0,0,0,0.0,0.0,3.640180106717667e-05
273.0,J2,0,0,0,0.0,0.0,9.315690982517463e-05
273.0,J3,0,0,0,0.0,0.0,3.633920098499041e-05
274.0,J2,0,0,0,0.0,0.0,9.299808405285028e-05
274.0,J3,0,0,0,0.0,0.0,3.6305564801275965e-05
275.0,J2,0,0,0,0.0,0.0,9.283924948923974e-05
275.0,J3,0,0,0,0.0,0.0,3.6279826570466345e-05
276.0,J2,0,0,0,0.0,0.0,9.275616979293795e-05
276.0,J3,0,0,0,0.0,0.0,3.6161024982714805e-05
277.0,J2,0,0,0,0.0,0.0,9.256598665981173e-05
277.0,J3,0,0,0,0.0,0.0,3.609450225875113e-05
278.0,J2,0,0,0,0.0,0.0,9.250575762124204e-05
278.0,J3,0,0,0,0.0,0.0,3.6087452372524824e-05
279.0,J2,0,0,0,0.0,0.0,9.235648489321728e-05
279.0,J3,0,0,0,0.0,0.0,3.6036690435547593e-05
280.0,J2,0,0,0,0.0,0.0,9.220054797022951e-05
280.0,J3,0,0,0,0.0,0.0,3.599547275669402e-05
281.0,J2,0,0,0,0.0,0.0,9.215601788277846e-05
281.0,J3,0,0,0,0.0,0.0,3.588638768839031e-05
282.0,J2,0,0,0,0.0,0.0,9.209484430340757e-05
282.0,J3,0,0,0,0.0,0.0,3.5847073089461225e-05
283.0,J2,0,0,0,0.0,0.0,9.20500712864367e-05
283.0,J3,0,0,0,0.0,0.0,3.584584232690499e-05
284.0,J2,0,0,0,0.0,0.0,9.196329465363976e-05
284.0,J3,0,0,0,0.0,0.0,3.5816263355293896e-05
285.0,J2,0,0,0,0.0,0.0,9.189205866091842e-05
285.0,J3,0,0,0,0.0,0.0,3.569931836589557e-05
286.0,J2,0,0,0,0.0,0.0,9.174050526127032e-05
286.0,J3,0,0,0,0.0,0.0,3.564803984303427e-05
287.0,J2,0,0,0,0.0,0.0,9.160505820143047e-05
287.0,J3,0,0,0,0.0,0.0,3.564164657905787e-05
288.0,J2,0,0,0,0.0,0.0,9.157578820898654e-05
288.0,J3,0,0,0,0.0,0.0,3.562700025144959e-05
289.0,J2,0,0,0,0.0,0.0,9.146912294972373e-05
289.0,J3,0,0,0,0.0,0.0,3.5619522611744556e-05
290.0,J2,0,0,0,0.0,0.0,9.145219968298733e-05
290.0,J3,0,0,0,0.0,0.0,3.552575106579638e-05
291.0,J2,0,0,0,0.0,0.0,9.14374549008254e-05
291.0,J3,0,0,0,0.0,0.0,3.5528714170070313e-05
292.0,J2,0,0,0,0.0,0.0,9.139405075199535e-05
292.0,J3,0,0,0,0.0,0.0,3.54405985609e-05
293.0,J2,0,0,0,0.0,0.0,9.128168993336982e-05
293.0,J3,0,0,0,0.0,0.0,3.5404818068993754e-05
294.0,J2,0,0,0,0.0,0.0,9.109688679757783e-05
294.0,J3,0,0,0,0.0,0.0,3.531049328871399e-05
295.0,J2,0,0,0,0.0,0.0,9.096659107159836e-05
295.0,J3,0,0,0,0.0,0.0,3.528612654152425e-05
296.0,J2,0,0,0,0.0,0.0,9.090691450666081e-05
296.0,J3,0,0,0,0.0,0.0,3.527896778928332e-05
297.0,J2,0,0,0,0.0,0.0,9.080179143837416e-05
297.0,J3,0,0,0,0.0,0.0,3.5282438781187794e-05
298.0,J2,0,0,0,0.0,0.0,9.07398139053948e-05
298.0,J3,0,0,0,0.0,0.0,3.526664907860283e-05
299.0,J2,0,0,0,0.0,0.0,8.981292304791829e-05
299.0,J3,0,0,0,0.0,0.0,3.493164871807365e-05
300.0,J2,0,0,0,0.0,0.0,8.967476409314383e-05
300.0,J3,0,0,0,0.0,0.0,3.490301383562312e-05
301.0,J2,0,0,0,0.0,0.0,8.95508417644692e-05
301.0,J3,0,0,0,0.0,0.0,3.480784091246586e-05
302.0,J2,0,0,0,0.0,0.0,8.960361640338542e-05
302.0,J3,0,0,0,0.0,0.0,3.4790731342386455e-05
303.0,J2,0,0,0,0.0,0.0,8.949718955025203e-05
303.0,J3,0,0,0,0.0,0.0,3.477430190455726e-05
304.0,J2,0,0,0,0.0,0.0,8.939178209819592e-05
304.0,J3,0,0,0,0.0,0.0,3.475784636282298e-05
305.0,J2,0,0,0,0.0,0.0,8.937898610780852e-05
305.0,J3,0,0,0,0.0,0.0,3.47674284365737e-05
306.0,J2,0,0,0,0.0,0.0,8.933690444962447e-05
306.0,J3,0,0,0,0.0,0.0,3.4678233133683205e-05
307.0,J2,0,0,0,0.0,0.0,8.921996851759836e-05
307.0,J3,0,0,0,0.0,0.0,3.4681418202043405e-05
308.0,J2,0,0,0,0.0,0.0,8.916281706985489e-05
308.0,J3,0,0,0,0.0,0.0,3.4663251375467686e-05
309.0,J2,0,0,0,0.0,0.0,8.906271015907783e-05
309.0,J3,0,0,0,0.0,0.0,3.463104785303669e-05
310.0,J2,0,0,0,0.0,0.0,8.891084099331117e-05
310.0,J3,0,0,0,0.0,0.0,3.4602635788244946e-05
311.0,J2,0,0,0,0.0,0.0,8.88559285384587e-05
311.0,J3,0,0,0,0.0,0.0,3.450967539976676e-05
312.0,J2,0,0,0,0.0,0.0,8.872536415547459e-05
312.0,J3,0,0,0,0.0,0.0,3.448942346794375e-05
313.0,J2,0,0,0,0.0,0.0,8.861183450093288e-05
313.0,J3,0,0,0,0.0,0.0,3.4407605428586534e-05
314.0,J2,0,0,0,0.0,0.0,8.858770196859551e-05
314.0,J3,0,0,0,0.0,0.0,3.438927038541027e-05
315.0,J2,0,0,0,0.0,0.0,8.850043609056871e-05
315.0,J3,0,0,0,0.0,0.0,3.437883990649292e-05
316.0,J2,0,0,0,0.0,0.0,8.836238272490123e-05
316.0,J3,0,0,0,0.0,0.0,3.430498633696716e-05
317.0,J2,0,0,0,0.0,0.0,8.826518531043817e-05
317.0,J3,0,0,0,0.0,0.0,3.429041678083602e-05
318.0,J2,0,0,0,0.0,0.0,8.816280423411955e-05
318.0,J3,0,0,0,0.0,0.0,3.429046461221561e-05
319.0,J2,0,0,0,0.0,0.0,8.812125047592501e-05
319.0,J3,0,0,0,0.0,0.0,3.420541660378866e-05
320.0,J2,0,0,0,0.0,0.0,8.80324000039557e-05
320.0,J3,0,0,0,0.0,0.0,3.4158252386145614e-05
321.0,J2,0,0,0,0.0,0.0,8.791688196774461e-05
321.0,J3,0,0,0,0.0,0.0,3.415289133955404e-05
322.0,J2,0,0,0,0.0,0.0,8.79258328640803e-05
322.0,J3,0,0,0,0.0,0.0,3.4128420075748786e-05
323.0,J2,0,0,0,0.0,0.0,8.788267135720604e-05
323.0,J3,0,0,0,0.0,0.0,3.412542525686039e-05
324.0,J2,0,0,0,0.0,0.0,8.781527789648893e-05
324.0,J3,0,0,0,0.0,0.0,3.417755006174825e-05
325.0,J2,0,0,0,0.0,0.0,8.774453924554269e-05
325.0,J3,0,0,0,0.0,0.0,3.416322684738092e-05
326.0,J2,0,0,0,0.0,0.0,8.769465974087957e-05
326.0,J3,0,0,0,0.0,0.0,3.413211005216404e-05
327.0,J2,0,0,0,0.0,0.0,8.749225699884009e-05
327.0,J3,0,0,0,0.0,0.0,3.398402029402345e-05
328.0,J2,0,0,0,0.0,0.0,8.738973684119436e-05
328.0,J3,0,0,0,0.0,0.0,3.393301092600279e-05
329.0,J2,0,0,0,0.0,0.0,8.73218918578944e-05
329.0,J3,0,0,0,0.0,0.0,3.3904609483482705e-05
330.0,J2,0,0,0,0.0,0.0,8.723320389594911e-05
330.0,J3,0,0,0,0.0,0.0,3.3858979384904075e-05
331.0,J2,0,0,0,0.0,0.0,8.725031549947791e-05
331.0,J3,0,0,0,0.0,0.0,3.382344296756014e-05
332.0,J2,0,0,0,0.0,0.0,8.721639835833979e-05
332.0,J3,0,0,0,0.0,0.0,3.381760243437097e-05
333.0,J2,0,0,0,0.0,0.0,8.717464069773822e-05
333.0,J3,0,0,0,0.0,0.0,3.379909453646905e-05
334.0,J2,0,0,0,0.0,0.0,8.713183013594335e-05
334.0,J3,0,0,0,0.0,0.0,3.3719092363870045e-05
335.0,J2,0,0,0,0.0,0.0,8.715226815654509e-05
335.0,J3,0,0,0,0.0,0.0,3.377777739651186e-05
336.0,J2,0,0,0,0.0,0.0,8.720958563596202e-05
336.0,J3,0,0,0,0.0,0.0,3.3811573150926736e-05
337.0,J2,0,0,0,0.0,0.0,8.724511244691823e-05
337.0,J3,0,0,0,0.0,0.0,3.379936967593468e-05
338.0,J2,0,0,0,0.0,0.0,8.727318240055782e-05
338.0,J3,0,0,0,0.0,0.0,3.384561349879869e-05
339.0,J2,0,0,0,0.0,0.0,8.716424719961314e-05
339.0,J3,0,0,0,0.0,0.0,3.382463477229105e-05
340.0,J2,0,0,0,0.0,0.0,8.708580768921785e-05
340.0,J3,0,0,0,0.0,0.0,3.379187290008183e-05
341.0,J2,0,0,0,0.0,0.0,8.709047701187106e-05
341.0,J3,0,0,0,0.0,0.0,3.37294260397413e-05
342.0,J2,0,0,0,0.0,0.0,8.698545414864605e-05
342.0,J3,0,0,0,0.0,0.0,3.370946711788757e-05
343.0,J2,0,0,0,0.0,0.0,8.694094936049731e-05
343.0,J3,0,0,0,0.0,0.0,3.367556228447844e-05
344.0,J2,0,0,0,0.0,0.0,8.687391248999577e-05
344.0,J3,0,0,0,0.0,0.0,3.363865478016276e-05
345.0,J2,0,0,0,0.0,0.0,8.679137388350309e-05
345.0,J3,0,0,0,0.0,0.0,3.3595619589527924e-05
346.0,J2,0,0,0,0.0,0.0,8.676447954678099e-05
346.0,J3,0,0,0,0.0,0.0,3.359209389587176e-05
347.0,J2,0,0,0,0.0,0.0,8.67070160021579e-05
347.0,J3,0,0,0,0.0,0.0,3.3582831675519155e-05
348.0,J2,0,0,0,0.0,0.0,8.677210483457456e-05
348.0,J3,0,0,0,0.0,0.0,3.356096801091281e-05
349.0,J2,0,0,0,0.0,0.0,8.672797756108324e-05
349.0,J3,0,0,0,0.0,0.0,3.355682680980624e-05
350.0,J2,0,0,0,0.0,0.0,8.667141829068593e-05
350.0,J3,0,0,0,0.0,0.0,3.360497377790224e-05
351.0,J2,0,0,0,0.0,0.0,8.660193900336764e-05
351.0,J3,0,0,0,0.0,0.0,3.358151308895728e-05
352.0,J2,0,0,0,0.0,0.0,8.656049825724721e-05
352.0,J3,0,0,0,0.0,0.0,3.356326621431968e-05
353.0,J2,0,0,0,0.0,0.0,8.649464654587618e-05
353.0,J3,0,0,0,0.0,0.0,3.3555376081688117e-05
354.0,J2,0,0,0,0.0,0.0,8.644455118779261e-05
354.0,J3,0,0,0,0.0,0.0,3.354820279841859e-05
355.0,J2,0,0,0,0.0,0.0,8.632344187879749e-05
355.0,J3,0,0,0,0.0,0.0,3.352107060179122e-05
356.0,J2,0,0,0,0.0,0.0,8.62525839432802e-05
356.0,J3,0,0,0,0.0,0.0,3.349684381080432e-05
357.0,J2,0,0,0,0.0,0.0,8.63191890578657e-05
357.0,J3,0,0,0,0.0,0.0,3.348557333379025e-05
358.0,J2,0,0,0,0.0,0.0,8.623934936722173e-05
358.0,J3,0,0,0,0.0,0.0,3.345803625396917e-05
359.0,J2,0,0,0,0.0,0.0,8.616358968363105e-05
359.0,J3,0,0,0,0.0,0.0,3.343199702913009e-05
360.0,J2,0,0,0,0.0,0.0,8.611191271620265e-05
360.0,J3,0,0,0,0.0,0.0,3.341837496983332e-05
361.0,J2,0,0,0,0.0,0.0,8.605126828341781e-05
361.0,J3,0,0,0,0.0,0.0,3.335141014618966e-05
362.0,J2,0,0,0,0.0,0.0,8.597205312291942e-05
362.0,J3,0,0,0,0.0,0.0,3.333256749259234e-05
363.0,J2,0,0,0,0.0,0.0,8.588462748937855e-05
363.0,J3,0,0,0,0.0,0.0,3.330200589127628e-05
364.0,J2,0,0,0,0.0,0.0,8.582216828729838e-05
364.0,J3,0,0,0,0.0,0.0,3.322139737893365e-05
365.0,J2,0,0,0,0.0,0.0,8.589103694681591e-05
365.0,J3,0,0,0,0.0,0.0,3.326671508972242e-05
366.0,J2,0,0,0,0.0,0.0,8.583569963360503e-05
366.0,J3,0,0,0,0.0,0.0,3.3238437101190986e-05
367.0,J2,0,0,0,0.0,0.0,8.57797294161745e-05
367.0,J3,0,0,0,0.0,0.0,3.322847366838805e-05
368.0,J2,0,0,0,0.0,0.0,8.575747985284268e-05
368.0,J3,0,0,0,0.0,0.0,3.3215746826047517e-05
369.0,J2,0,0,0,0.0,0.0,8.564519643265246e-05
369.0,J3,0,0,0,0.0,0.0,3.3204682171854726e-05
370.0,J2,0,0,0,0.0,0.0,8.551670236982357e-05
370.0,J3,0,0,0,0.0,0.0,3.3125577898391554e-05
371.0,J2,0,0,0,0.0,0.0,8.544240587209475e-05
371.0,J3,0,0,0,0.0,0.0,3.311328634012721e-05
372.0,J2,0,0,0,0.0,0.0,8.540594412474679e-05
372.0,J3,0,0,0,0.0,0.0,3.309513738738985e-05
373.0,J2,0,0,0,0.0,0.0,8.534824390221397e-05
373.0,J3,0,0,0,0.0,0.0,3.3079028472603384e-05
374.0,J2,0,0,0,0.0,0.0,8.529922882003765e-05
374.0,J3,0,0,0,0.0,0.0,3.3066270654670386e-05
375.0,J2,0,0,0,0.0,0.0,8.517348369222968e-05
375.0,J3,0,0,0,0.0,0.0,3.305391892568054e-05
376.0,J2,0,0,0,0.0,0.0,8.510278142702908e-05
376.0,J3,0,0,0,0.0,0.0,3.302961030733159e-05
377.0,J2,0,0,0,0.0,0.0,8.515006812392554e-05
377.0,J3,0,0,0,0.0,0.0,3.334133835125637e-05
378.0,J2,0,0,0,0.0,0.0,8.511032688034402e-05
378.0,J3,0,0,0,0.0,0.0,3.333082720133307e-05
379.0,J2,0,0,0,0.0,0.0,8.504778056284393e-05
379.0,J3,0,0,0,0.0,0.0,3.330849091060458e-05
380.0,J2,0,0,0,0.0,0.0,8.499947875150806e-05
380.0,J3,0,0,0,0.0,0.0,3.323064235673604e-05
381.0,J2,0,0,0,0.0,0.0,8.49481963428861e-05
381.0,J3,0,0,0,0.0,0.0,3.31952236648292e-05
382.0,J2,0,0,0,0.0,0.0,8.496147674442309e-05
382.0,J3,0,0,0,0.0,0.0,3.323612557937689e-05
383.0,J2,0,0,0,0.0,0.0,8.488932330583143e-05
383.0,J3,0,0,0,0.0,0.0,3.3210072628902664e-05
384.0,J2,0,0,0,0.0,0.0,8.493456582741748e-05
384.0,J3,0,0,0,0.0,0.0,3.324876552963009e-05
385.0,J2,0,0,0,0.0,0.0,8.493252871781128e-05
385.0,J3,0,0,0,0.0,0.0,3.3225650843428266e-05
386.0,J2,0,0,0,0.0,0.0,8.487293100404428e-05
386.0,J3,0,0,0,0.0,0.0,3.321222035104681e-05
387.0,J2,0,0,0,0.0,0.0,8.485503401526305e-05
387.0,J3,0,0,0,0.0,0.0,3.3200188401129e-05
388.0,J2,0,0,0,0.0,0.0,8.48054142926506e-05
388.0,J3,0,0,0,0.0,0.0,3.317067198506822e-05
389.0,J2,0,0,0,0.0,0.0,8.483766729274431e-05
389.0,J3,0,0,0,0.0,0.0,3.3142101638968816e-05
390.0,J2,0,0,0,0.0,0.0,8.478247702294087e-05
390.0,J3,0,0,0,0.0,0.0,3.3135068617860085e-05
391.0,J2,0,0,0,0.0,0.0,8.470936466739955e-05
391.0,J3,0,0,0,0.0,0.0,3.310387880865849e-05
392.0,J2,0,0,0,0.0,0.0,8.460330897739544e-05
392.0,J3,0,0,0,0.0,0.0,3.30911471191906e-05
393.0,J2,0,0,0,0.0,0.0,8.460228660741306e-05
393.0,J3,0,0,0,0.0,0.0,3.312989801569776e-05
394.0,J2,0,0,0,0.0,0.0,8.46129313267109e-05
394.0,J3,0,0,0,0.0,0.0,3.3124646044687145e-05
395.0,J2,0,0,0,0.0,0.0,8.456514774778182e-05
395.0,J3,0,0,0,0.0,0.0,3.309584509667131e-05
396.0,J2,0,0,0,0.0,0.0,8.454847261578869e-05
396.0,J3,0,0,0,0.0,0.0,3.312796281077742e-05
397.0,J2,0,0,0,0.0,0.0,8.445108673770889e-05
397.0,J3,0,0,0,0.0,0.0,3.3086880976250515e-05
398.0,J2,0,0,0,0.0,0.0,8.441257890141837e-05
398.0,J3,0,0,0,0.0,0.0,3.307654424236582e-05
399.0,J2,0,0,0,0.0,0.0,8.430316951027681e-05
399.0,J3,0,0,0,0.0,0.0,3.306141773564953e-05
400.0,J2,0,0,0,0.0,0.0,8.427662615842019e-05
400.0,J3,0,0,0,0.0,0.0,3.298227911291004e-05
401.0,J2,0,0,0,0.0,0.0,8.422641940578591e-05
401.0,J3,0,0,0,0.0,0.0,3.297651890093913e-05
402.0,J2,0,0,0,0.0,0.0,8.408656871967195e-05
402.0,J3,0,0,0,0.0,0.0,3.2917095505881676e-05
403.0,J2,0,0,0,0.0,0.0,8.409794536401331e-05
403.0,J3,0,0,0,0.0,0.0,3.292894830167984e-05
404.0,J2,0,0,0,0.0,0.0,8.403686473087494e-05
404.0,J3,0,0,0,0.0,0.0,3.290723457567217e-05
405.0,J2,0,0,0,0.0,0.0,8.397925733251585e-05
405.0,J3,0,0,0,0.0,0.0,3.289371632568222e-05
406.0,J2,0,0,0,0.0,0.0,8.39902362970844e-05
406.0,J3,0,0,0,0.0,0.0,3.2872632266190073e-05
407.0,J2,0,0,0,0.0,0.0,8.395338025070161e-05
407.0,J3,0,0,0,0.0,0.0,3.285574978389961e-05
408.0,J2,0,0,0,0.0,0.0,8.3886837414964e-05
408.0,J3,0,0,0,0.0,0.0,3.2781019137057834e-05
409.0,J2,0,0,0,0.0,0.0,8.384030595861287e-05
409.0,J3,0,0,0,0.0,0.0,3.2742737540604144e-05
410.0,J2,0,0,0,0.0,0.0,8.390947694102194e-05
410.0,J3,0,0,0,0.0,0.0,3.273401187399183e-05
411.0,J2,0,0,0,0.0,0.0,8.385731265447332e-05
411.0,J3,0,0,0,0.0,0.0,3.2716171248653445e-05
412.0,J2,0,0,0,0.0,0.0,8.382998196079891e-05
412.0,J3,0,0,0,0.0,0.0,3.271028996017267e-05
413.0,J2,0,0,0,0.0,0.0,8.384177496822407e-05
413.0,J3,0,0,0,0.0,0.0,3.2706315789545035e-05
414.0,J2,0,0,0,0.0,0.0,8.379932680381711e-05
414.0,J3,0,0,0,0.0,0.0,3.268759991224455e-05
415.0,J2,0,0,0,0.0,0.0,8.373176690013926e-05
415.0,J3,0,0,0,0.0,0.0,3.2654756792957826e-05
416.0,J2,0,0,0,0.0,0.0,8.371891002025922e-05
416.0,J3,0,0,0,0.0,0.0,3.263027444240629e-05
417.0,J2,0,0,0,0.0,0.0,8.370548991777906e-05
417.0,J3,0,0,0,0.0,0.0,3.2618545875477367e-05
418.0,J2,0,0,0,0.0,0.0,8.369425113488315e-05
418.0,J3,0,0,0,0.0,0.0,3.261892698573162e-05
419.0,J2,0,0,0,0.0,0.0,8.361913079879675e-05
419.0,J3,0,0,0,0.0,0.0,3.256482488066044e-05
420.0,J2,0,0,0,0.0,0.0,8.357374677689069e-05
420.0,J3,0,0,0,0.0,0.0,3.253422455249847e-05
421.0,J2,0,0,0,0.0,0.0,8.355847455604843e-05
421.0,J3,0,0,0,0.0,0.0,3.2553066366285146e-05
422.0,J2,0,0,0,0.0,0.0,8.349904593898015e-05
422.0,J3,0,0,0,0.0,0.0,3.253897309456685e-05
423.0,J2,0,0,0,0.0,0.0,8.34812482883174e-05
423.0,J3,0,0,0,0.0,0.0,3.253009290467736e-05
424.0,J2,0,0,0,0.0,0.0,8.343813407792216e-05
424.0,J3,0,0,0,0.0,0.0,3.255903842829545e-05
425.0,J2,0,0,0,0.0,0.0,8.34065934101751e-05
425.0,J3,0,0,0,0.0,0.0,3.2548889170293615e-05
426.0,J2,0,0,0,0.0,0.0,8.333396793383008e-05
426.0,J3,0,0,0,0.0,0.0,3.2496172709098896e-05
427.0,J2,0,0,0,0.0,0.0,8.3358396287695e-05
427.0,J3,0,0,0,0.0,0.0,3.248261774997529e-05
428.0,J2,0,0,0,0.0,0.0,8.328273665845856e-05
428.0,J3,0,0,0,0.0,0.0,3.246614016709893e-05
429.0,J2,0,0,0,0.0,0.0,8.37285186767852e-05
429.0,J3,0,0,0,0.0,0.0,3.2499141159247365e-05
430.0,J2,0,0,0,0.0,0.0,8.369476595835356e-05
430.0,J3,0,0,0,0.0,0.0,3.249107535163624e-05
431.0,J2,0,0,0,0.0,0.0,8.368104584549778e-05
431.0,J3,0,0,0,0.0,0.0,3.2480053787907126e-05
432.0,J2,0,0,0,0.0,0.0,8.385934369757861e-05
432.0,J3,0,0,0,0.0,0.0,3.250498382292433e-05
433.0,J2,0,0,0,0.0,0.0,8.386925920669917e-05
433.0,J3,0,0,0,0.0,0.0,3.248048860489085e-05
434.0,J2,0,0,0,0.0,0.0,8.390192891104897e-05
434.0,J3,0,0,0,0.0,0.0,3.245499430664625e-05
435.0,J2,0,0,0,0.0,0.0,8.390576029257064e-05
435.0,J3,0,0,0,0.0,0.0,3.2445324180846364e-05
436.0,J2,0,0,0,0.0,0.0,8.387761853439465e-05
436.0,J3,0,0,0,0.0,0.0,3.240176390290467e-05
437.0,J2,0,0,0,0.0,0.0,8.384807402951898e-05
437.0,J3,0,0,0,0.0,0.0,3.23472257324933e-05
438.0,J2,0,0,0,0.0,0.0,8.381543380298669e-05
438.0,J3,0,0,0,0.0,0.0,3.2323189830160416e-05
439.0,J2,0,0,0,0.0,0.0,8.377862006231448e-05
439.0,J3,0,0,0,0.0,0.0,3.231832974378315e-05
440.0,J2,0,0,0,0.0,0.0,8.373112183351061e-05
440.0,J3,0,0,0,0.0,0.0,3.230933848236629e-05
441.0,J2,0,0,0,0.0,0.0,8.364993377963303e-05
441.0,J3,0,0,0,0.0,0.0,3.22913221613143e-05
442.0,J2,0,0,0,0.0,0.0,8.364581663383987e-05
442.0,J3,0,0,0,0.0,0.0,3.2294826914875596e-05
443.0,J2,0,0,0,0.0,0.0,8.361681244552719e-05
443.0,J3,0,0,0,0.0,0.0,3.229290252347816e-05
444.0,J2,0,0,0,0.0,0.0,8.359613931532785e-05
444.0,J3,0,0,0,0.0,0.0,3.229408501969094e-05
445.0,J2,0,0,0,0.0,0.0,8.354268647591556e-05
445.0,J3,0,0,0,0.0,0.0,3.228803642319386e-05
446.0,J2,0,0,0,0.0,0.0,8.35140086624312e-05
446.0,J3,0,0,0,0.0,0.0,3.2234990882917625e-05
447.0,J2,0,0,0,0.0,0.0,8.346588629482326e-05
447.0,J3,0,0,0,0.0,0.0,3.21746344911249e-05
448.0,J2,0,0,0,0.0,0.0,8.340199638745235e-05
448.0,J3,0,0,0,0.0,0.0,3.214285381648757e-05
449.0,J2,0,0,0,0.0,0.0,8.33833769892107e-05
449.0,J3,0,0,0,0.0,0.0,3.2134737572569184e-05
450.0,J2,0,0,0,0.0,0.0,8.344941625733778e-05
450.0,J3,0,0,0,0.0,0.0,3.2118135779227705e-05
451.0,J2,0,0,0,0.0,0.0,8.341731955184308e-05
451.0,J3,0,0,0,0.0,0.0,3.2115114061360244e-05
452.0,J2,0,0,0,0.0,0.0,8.338796918948196e-05
452.0,J3,0,0,0,0.0,0.0,3.211680232261346e-05
453.0,J2,0,0,0,0.0,0.0,8.336359245022403e-05
453.0,J3,0,0,0,0.0,0.0,3.210032378593156e-05
454.0,J2,0,0,0,0.0,0.0,8.334678238273561e-05
454.0,J3,0,0,0,0.0,0.0,3.2077621673763125e-05
455.0,J2,0,0,0,0.0,0.0,8.328102930868244e-05
455.0,J3,0,0,0,0.0,0.0,3.201192117198828e-05
456.0,J2,0,0,0,0.0,0.0,8.325950186204099e-05
456.0,J3,0,0,0,0.0,0.0,3.200296401856797e-05
457.0,J2,0,0,0,0.0,0.0,8.326219894786804e-05
457.0,J3,0,0,0,0.0,0.0,3.1997981799303334e-05
458.0,J2,0,0,0,0.0,0.0,8.321976882313438e-05
458.0,J3,0,0,0,0.0,0.0,3.199438802894122e-05
459.0,J2,0,0,0,0.0,0.0,8.320599291875118e-05
459.0,J3,0,0,0,0.0,0.0,3.198476156115493e-05
460.0,J2,0,0,0,0.0,0.0,8.32402680592936e-05
460.0,J3,0,0,0,0.0,0.0,3.198804496220035e-05
461.0,J2,0,0,0,0.0,0.0,8.322290899784055e-05
461.0,J3,0,0,0,0.0,0.0,3.19620106444806e-05
462.0,J2,0,0,0,0.0,0.0,8.318094510312308e-05
462.0,J3,0,0,0,0.0,0.0,3.19513811764586e-05
463.0,J2,0,0,0,0.0,0.0,8.315449187438e-05
463.0,J3,0,0,0,0.0,0.0,3.195388898703205e-05
464.0,J2,0,0,0,0.0,0.0,8.310838110405142e-05
464.0,J3,0,0,0,0.0,0.0,3.195050472272266e-05
465.0,J2,0,0,0,0.0,0.0,8.307039360083158e-05
465.0,J3,0,0,0,0.0,0.0,3.198339185480878e-05
466.0,J2,0,0,0,0.0,0.0,8.303680399610485e-05
466.0,J3,0,0,0,0.0,0.0,3.193114241916412e-05
467.0,J2,0,0,0,0.0,0.0,8.309464557798842e-05
467.0,J3,0,0,0,0.0,0.0,3.196731088372835e-05
468.0,J2,0,0,0,0.0,0.0,8.304036334317673e-05
468.0,J3,0,0,0,0.0,0.0,3.195896862299435e-05
469.0,J2,0,0,0,0.0,0.0,8.304719027168567e-05
469.0,J3,0,0,0,0.0,0.0,3.1955784481761975e-05
470.0,J2,0,0,0,0.0,0.0,8.305404161825095e-05
470.0,J3,0,0,0,0.0,0.0,3.194297084516566e-05
471.0,J2,0,0,0,0.0,0.0,8.302069740969452e-05
471.0,J3,0,0,0,0.0,0.0,3.197682363810988e-05
472.0,J2,0,0,0,0.0,0.0,8.300842818292925e-05
472.0,J3,0,0,0,0.0,0.0,3.1971005994889856e-05
473.0,J2,0,0,0,0.0,0.0,8.297796417794418e-05
473.0,J3,0,0,0,0.0,0.0,3.195860533589324e-05
474.0,J2,0,0,0,0.0,0.0,8.289718366776672e-05
474.0,J3,0,0,0,0.0,0.0,3.1921472951079675e-05
475.0,J2,0,0,0,0.0,0.0,8.283449682520213e-05
475.0,J3,0,0,0,0.0,0.0,3.1900357594017334e-05
476.0,J2,0,0,0,0.0,0.0,8.28707403586924e-05
476.0,J3,0,0,0,0.0,0.0,3.1858024647759554e-05
477.0,J2,0,0,0,0.0,0.0,8.289107599204316e-05
477.0,J3,0,0,0,0.0,0.0,3.18567050187914e-05
478.0,J2,0,0,0,0.0,0.0,8.287234815108454e-05
478.0,J3,0,0,0,0.0,0.0,3.186163884428987e-05
479.0,J2,0,0,0,0.0,0.0,8.287059360994123e-05
479.0,J3,0,0,0,0.0,0.0,3.18587656149316e-05
480.0,J2,0,0,0,0.0,0.0,8.291151522263739e-05
480.0,J3,0,0,0,0.0,0.0,3.185103726470612e-05
481.0,J2,0,0,0,0.0,0.0,8.287914196804507e-05
481.0,J3,0,0,0,0.0,0.0,3.1814694120926465e-05
482.0,J2,0,0,0,0.0,0.0,8.284798589158345e-05
482.0,J3,0,0,0,0.0,0.0,3.180222657486675e-05
483.0,J2,0,0,0,0.0,0.0,8.283178692460376e-05
483.0,J3,0,0,0,0.0,0.0,3.180106514689224e-05
484.0,J2,0,0,0,0.0,0.0,8.276937894992041e-05
484.0,J3,0,0,0,0.0,0.0,3.180322202930847e-05
485.0,J2,0,0,0,0.0,0.0,8.27838738727912e-05
485.0,J3,0,0,0,0.0,0.0,3.179417840296137e-05
486.0,J2,0,0,0,0.0,0.0,8.279224258876428e-05
486.0,J3,0,0,0,0.0,0.0,3.1810006271245434e-05
487.0,J2,0,0,0,0.0,0.0,8.275716448916089e-05
487.0,J3,0,0,0,0.0,0.0,3.179113714223367e-05
488.0,J2,0,0,0,0.0,0.0,8.270848130279869e-05
488.0,J3,0,0,0,0.0,0.0,3.177193739968395e-05
489.0,J2,0,0,0,0.0,0.0,8.268118384310868e-05
489.0,J3,0,0,0,0.0,0.0,3.1766333055867696e-05
490.0,J2,0,0,0,0.0,0.0,8.265627209872933e-05
490.0,J3,0,0,0,0.0,0.0,3.1756169870010364e-05
491.0,J2,0,0,0,0.0,0.0,8.263193937000275e-05
491.0,J3,0,0,0,0.0,0.0,3.1737216777736615e-05
492.0,J2,0,0,0,0.0,0.0,8.260089106281436e-05
492.0,J3,0,0,0,0.0,0.0,3.173351574440317e-05
493.0,J2,0,0,0,0.0,0.0,8.256674288456796e-05
493.0,J3,0,0,0,0.0,0.0,3.1714988587418864e-05
494.0,J2,0,0,0,0.0,0.0,8.255662971348341e-05
494.0,J3,0,0,0,0.0,0.0,3.170587898214526e-05
495.0,J2,0,0,0,0.0,0.0,8.254113678381596e-05
495.0,J3,0,0,0,0.0,0.0,3.1704803746910065e-05
496.0,J2,0,0,0,0.0,0.0,8.25144261586512e-05
496.0,J3,0,0,0,0.0,0.0,3.16938941956087e-05
497.0,J2,0,0,0,0.0,0.0,8.245908103770532e-05
497.0,J3,0,0,0,0.0,0.0,3.1694473464132976e-05
498.0,J2,0,0,0,0.0,0.0,8.248173356588646e-05
498.0,J3,0,0,0,0.0,0.0,3.16945175895507e-05
499.0,J2,0,0,0,0.0,0.0,8.251277306505002e-05
499.0,J3,0,0,0,0.0,0.0,3.166997192739631e-05
500.0,J2,0,0,0,0.0,0.0,8.252165885040371e-05
500.0,J3,0,0,0,0.0,0.0,3.165477908793051e-05
501.0,J2,0,0,0,0.0,0.0,8.249800718561047e-05
501.0,J3,0,0,0,0.0,0.0,3.1650513528272684e-05
502.0,J2,0,0,0,0.0,0.0,8.247401855090746e-05
502.0,J3,0,0,0,0.0,0.0,3.1632258219948785e-05
503.0,J2,0,0,0,0.0,0.0,8.245094264452561e-05
503.0,J3,0,0,0,0.0,0.0,3.163150069462498e-05
504.0,J2,0,0,0,0.0,0.0,8.24915633274009e-05
504.0,J3,0,0,0,0.0,0.0,3.1663306587758414e-05
505.0,J2,0,0,0,0.0,0.0,8.250732537676286e-05
505.0,J3,0,0,0,0.0,0.0,3.1695432403035524e-05
506.0,J2,0,0,0,0.0,0.0,8.251894663707289e-05
506.0,J3,0,0,0,0.0,0.0,3.167273728900721e-05
507.0,J2,0,0,0,0.0,0.0,8.251832700850365e-05
507.0,J3,0,0,0,0.0,0.0,3.166426373429062e-05
508.0,J2,0,0,0,0.0,0.0,8.255360303923421e-05
508.0,J3,0,0,0,0.0,0.0,3.165958381325871e-05
509.0,J2,0,0,0,0.0,0.0,8.207293802282824e-05
509.0,J3,0,0,0,0.0,0.0,3.146475283454969e-05
510.0,J2,0,0,0,0.0,0.0,8.207597140047734e-05
510.0,J3,0,0,0,0.0,0.0,3.144812461511322e-05
511.0,J2,0,0,0,0.0,0.0,8.199687843976715e-05
511.0,J3,0,0,0,0.0,0.0,3.1435699847746425e-05
512.0,J2,0,0,0,0.0,0.0,8.19389431290879e-05
512.0,J3,0,0,0,0.0,0.0,3.146815914590308e-05
513.0,J2,0,0,0,0.0,0.0,8.201540155562185e-05
513.0,J3,0,0,0,0.0,0.0,3.149182669370843e-05
514.0,J2,0,0,0,0.0,0.0,8.199646338028634e-05
514.0,J3,0,0,0,0.0,0.0,3.148402929200933e-05
515.0,J2,0,0,0,0.0,0.0,8.198230536301444e-05
515.0,J3,0,0,0,0.0,0.0,3.1483269203258545e-05
516.0,J2,0,0,0,0.0,0.0,8.199050370993674e-05
516.0,J3,0,0,0,0.0,0.0,3.146980264168208e-05
517.0,J2,0,0,0,0.0,0.0,8.194189809889718e-05
517.0,J3,0,0,0,0.0,0.0,3.142052309809322e-05
518.0,J2,0,0,0,0.0,0.0,8.198743114656744e-05
518.0,J3,0,0,0,0.0,0.0,3.142035450930675e-05
519.0,J2,0,0,0,0.0,0.0,8.201323938662617e-05
519.0,J3,0,0,0,0.0,0.0,3.1425465062076236e-05
520.0,J2,0,0,0,0.0,0.0,8.199512621366657e-05
520.0,J3,0,0,0,0.0,0.0,3.142641236423703e-05
521.0,J2,0,0,0,0.0,0.0,8.201916905622501e-05
521.0,J3,0,0,0,0.0,0.0,3.1397900528151294e-05
522.0,J2,0,0,0,0.0,0.0,8.204037701895198e-05
522.0,J3,0,0,0,0.0,0.0,3.139301921646218e-05
523.0,J2,0,0,0,0.0,0.0,8.202320983400232e-05
523.0,J3,0,0,0,0.0,0.0,3.135009598934642e-05
524.0,J2,0,0,0,0.0,0.0,8.20511785585413e-05
524.0,J3,0,0,0,0.0,0.0,3.134374791534797e-05
525.0,J2,0,0,0,0.0,0.0,8.201973340203882e-05
525.0,J3,0,0,0,0.0,0.0,3.133472120138122e-05
526.0,J2,0,0,0,0.0,0.0,8.201611124163123e-05
526.0,J3,0,0,0,0.0,0.0,3.1338162530048235e-05
527.0,J2,0,0,0,0.0,0.0,8.198666974832434e-05
527.0,J3,0,0,0,0.0,0.0,3.132981243283753e-05
528.0,J2,0,0,0,0.0,0.0,8.196810242252382e-05
528.0,J3,0,0,0,0.0,0.0,3.129010464722322e-05
529.0,J2,0,0,0,0.0,0.0,8.194311653127283e-05
529.0,J3,0,0,0,0.0,0.0,3.125104414717613e-05
530.0,J2,0,0,0,0.0,0.0,8.195539732125998e-05
530.0,J3,0,0,0,0.0,0.0,3.123908544585866e-05
531.0,J2,0,0,0,0.0,0.0,8.194463047380528e-05
531.0,J3,0,0,0,0.0,0.0,3.121971211817887e-05
532.0,J2,0,0,0,0.0,0.0,8.190949220404298e-05
532.0,J3,0,0,0,0.0,0.0,3.121431133281037e-05
533.0,J2,0,0,0,0.0,0.0,8.191927090662818e-05
533.0,J3,0,0,0,0.0,0.0,3.121386339180162e-05
534.0,J2,0,0,0,0.0,0.0,8.187938056485305e-05
534.0,J3,0,0,0,0.0,0.0,3.121080282413384e-05
535.0,J2,0,0,0,0.0,0.0,8.185261545151469e-05
535.0,J3,0,0,0,0.0,0.0,3.1205466700009934e-05
536.0,J2,0,0,0,0.0,0.0,8.183118121516273e-05
536.0,J3,0,0,0,0.0,0.0,3.119006144800063e-05
537.0,J2,0,0,0,0.0,0.0,8.177735739991987e-05
537.0,J3,0,0,0,0.0,0.0,3.1161577882362455e-05
538.0,J2,0,0,0,0.0,0.0,8.172898975617168e-05
538.0,J3,0,0,0,0.0,0.0,3.11539670755032e-05
539.0,J2,0,0,0,0.0,0.0,8.17322144894273e-05
539.0,J3,0,0,0,0.0,0.0,3.1138368868654635e-05
540.0,J2,0,0,0,0.0,0.0,8.179738880523221e-05
540.0,J3,0,0,0,0.0,0.0,3.1126993929306785e-05
541.0,J2,0,0,0,0.0,0.0,8.177413697323539e-05
541.0,J3,0,0,0,0.0,0.0,3.108696410830042e-05
542.0,J2,0,0,0,0.0,0.0,8.163163271965621e-05
542.0,J3,0,0,0,0.0,0.0,3.099272254136823e-05
543.0,J2,0,0,0,0.0,0.0,8.15914589889205e-05
543.0,J3,0,0,0,0.0,0.0,3.097516798824525e-05
544.0,J2,0,0,0,0.0,0.0,8.152611790034769e-05
544.0,J3,0,0,0,0.0,0.0,3.096532691548607e-05
545.0,J2,0,0,0,0.0,0.0,8.152922566651771e-05
545.0,J3,0,0,0,0.0,0.0,3.0962543051902904e-05
546.0,J2,0,0,0,0.0,0.0,8.149958997817185e-05
546.0,J3,0,0,0,0.0,0.0,3.095159709815229e-05
547.0,J2,0,0,0,0.0,0.0,8.154615967989413e-05
547.0,J3,0,0,0,0.0,0.0,3.095079227230938e-05
548.0,J2,0,0,0,0.0,0.0,8.154093898332295e-05
548.0,J3,0,0,0,0.0,0.0,3.093433042295089e-05
549.0,J2,0,0,0,0.0,0.0,8.153896620212925e-05
549.0,J3,0,0,0,0.0,0.0,3.095300854442159e-05
550.0,J2,0,0,0,0.0,0.0,8.15353259065052e-05
550.0,J3,0,0,0,0.0,0.0,3.091723025753692e-05
551.0,J2,0,0,0,0.0,0.0,8.149395205559257e-05
551.0,J3,0,0,0,0.0,0.0,3.089703092078316e-05
552.0,J2,0,0,0,0.0,0.0,8.145226713605395e-05
552.0,J3,0,0,0,0.0,0.0,3.089207914727727e-05
553.0,J2,0,0,0,0.0,0.0,8.148702257871234e-05
553.0,J3,0,0,0,0.0,0.0,3.088979732455524e-05
554.0,J2,0,0,0,0.0,0.0,8.150381658273568e-05
554.0,J3,0,0,0,0.0,0.0,3.08811934109346e-05
555.0,J2,0,0,0,0.0,0.0,8.150253700515246e-05
555.0,J3,0,0,0,0.0,0.0,3.087716041903254e-05
556.0,J2,0,0,0,0.0,0.0,8.151305959495992e-05
556.0,J3,0,0,0,0.0,0.0,3.0874773973067524e-05
557.0,J2,0,0,0,0.0,0.0,8.155065662119262e-05
557.0,J3,0,0,0,0.0,0.0,3.0931499505469355e-05
558.0,J2,0,0,0,0.0,0.0,8.156266111645225e-05
558.0,J3,0,0,0,0.0,0.0,3.0929527110106785e-05
559.0,J2,0,0,0,0.0,0.0,8.157264428821331e-05
559.0,J3,0,0,0,0.0,0.0,3.0944750517053663e-05
560.0,J2,0,0,0,0.0,0.0,8.159291418193e-05
560.0,J3,0,0,0,0.0,0.0,3.0924297364987733e-05
561.0,J2,0,0,0,0.0,0.0,8.157505943648639e-05
561.0,J3,0,0,0,0.0,0.0,3.090933561903524e-05
562.0,J2,0,0,0,0.0,0.0,8.156854143334147e-05
562.0,J3,0,0,0,0.0,0.0,3.089124637569235e-05
563.0,J2,0,0,0,0.0,0.0,8.158205455433939e-05
563.0,J3,0,0,0,0.0,0.0,3.0882624975519646e-05
564.0,J2,0,0,0,0.0,0.0,8.15866215751049e-05
564.0,J3,0,0,0,0.0,0.0,3.0870705884811426e-05
565.0,J2,0,0,0,0.0,0.0,8.15436184766734e-05
565.0,J3,0,0,0,0.0,0.0,3.086503978910079e-05
566.0,J2,0,0,0,0.0,0.0,8.151819835255553e-05
566.0,J3,0,0,0,0.0,0.0,3.084457102394095e-05
567.0,J2,0,0,0,0.0,0.0,8.145370086278244e-05
567.0,J3,0,0,0,0.0,0.0,3.116219291687995e-05
568.0,J2,0,0,0,0.0,0.0,8.141522229228733e-05
568.0,J3,0,0,0,0.0,0.0,3.1147259141860163e-05
569.0,J2,0,0,0,0.0,0.0,8.137439796799897e-05
569.0,J3,0,0,0,0.0,0.0,3.1131394481520146e-05
570.0,J2,0,0,0,0.0,0.0,8.136818667865879e-05
570.0,J3,0,0,0,0.0,0.0,3.115406504237465e-05
571.0,J2,0,0,0,0.0,0.0,8.138940141903545e-05
571.0,J3,0,0,0,0.0,0.0,3.1144018733568636e-05
572.0,J2,0,0,0,0.0,0.0,8.131768290996115e-05
572.0,J3,0,0,0,0.0,0.0,3.1155495557660705e-05
573.0,J2,0,0,0,0.0,0.0,8.128102200871139e-05
573.0,J3,0,0,0,0.0,0.0,3.1148418300595145e-05
574.0,J2,0,0,0,0.0,0.0,8.127129804819684e-05
574.0,J3,0,0,0,0.0,0.0,3.114049003109631e-05
575.0,J2,0,0,0,0.0,0.0,8.122610582764507e-05
575.0,J3,0,0,0,0.0,0.0,3.1125698380147994e-05
576.0,J2,0,0,0,0.0,0.0,8.120788012603745e-05
576.0,J3,0,0,0,0.0,0.0,3.112271394852632e-05
577.0,J2,0,0,0,0.0,0.0,8.116326368436899e-05
577.0,J3,0,0,0,0.0,0.0,3.1105171713421444e-05
578.0,J2,0,0,0,0.0,0.0,8.110204544165182e-05
578.0,J3,0,0,0,0.0,0.0,3.1084181976457255e-05
579.0,J2,0,0,0,0.0,0.0,8.109491041256288e-05
579.0,J3,0,0,0,0.0,0.0,3.1077361214531336e-05
580.0,J2,0,0,0,0.0,0.0,8.110656089369316e-05
580.0,J3,0,0,0,0.0,0.0,3.103926878167692e-05
581.0,J2,0,0,0,0.0,0.0,8.108503565938412e-05
581.0,J3,0,0,0,0.0,0.0,3.103072103386779e-05
582.0,J2,0,0,0,0.0,0.0,8.109125921989056e-05
582.0,J3,0,0,0,0.0,0.0,3.102635693644059e-05
583.0,J2,0,0,0,0.0,0.0,8.107312669750407e-05
583.0,J3,0,0,0,0.0,0.0,3.100118709717256e-05
584.0,J2,0,0,0,0.0,0.0,8.100893658490525e-05
584.0,J3,0,0,0,0.0,0.0,3.0986268221892875e-05
585.0,J2,0,0,0,0.0,0.0,8.094946592979167e-05
585.0,J3,0,0,0,0.0,0.0,3.095022550705651e-05
586.0,J2,0,0,0,0.0,0.0,8.090573740578507e-05
586.0,J3,0,0,0,0.0,0.0,3.090076374333303e-05
587.0,J2,0,0,0,0.0,0.0,8.089342215714133e-05
587.0,J3,0,0,0,0.0,0.0,3.090028609124069e-05
588.0,J2,0,0,0,0.0,0.0,8.088244217554268e-05
588.0,J3,0,0,0,0.0,0.0,3.092825217902128e-05
589.0,J2,0,0,0,0.0,0.0,8.087627296488945e-05
589.0,J3,0,0,0,0.0,0.0,3.091494930693716e-05
590.0,J2,0,0,0,0.0,0.0,8.090335023572726e-05
590.0,J3,0,0,0,0.0,0.0,3.089744512474826e-05
591.0,J2,0,0,0,0.0,0.0,8.093875694662507e-05
591.0,J3,0,0,0,0.0,0.0,3.088689912738589e-05
592.0,J2,0,0,0,0.0,0.0,8.093026883591017e-05
592.0,J3,0,0,0,0.0,0.0,3.087994241193076e-05
593.0,J2,0,0,0,0.0,0.0,8.08932181432586e-05
593.0,J3,0,0,0,0.0,0.0,3.087529270238669e-05
594.0,J2,0,0,0,0.0,0.0,8.092184975473911e-05
594.0,J3,0,0,0,0.0,0.0,3.086914432019024e-05
595.0,J2,0,0,0,0.0,0.0,8.090701304792329e-05
595.0,J3,0,0,0,0.0,0.0,3.086243415194156e-05
596.0,J2,0,0,0,0.0,0.0,8.087512867734395e-05
596.0,J3,0,0,0,0.0,0.0,3.084905802480527e-05
597.0,J2,0,0,0,0.0,0.0,8.085211352763599e-05
597.0,J3,0,0,0,0.0,0.0,3.082296647127727e-05
598.0,J2,0,0,0,0.0,0.0,8.086925204531988e-05
598.0,J3,0,0,0,0.0,0.0,3.0815480726778076e-05
599.0,J2,0,0,0,0.0,0.0,8.087050317555933e-05
599.0,J3,0,0,0,0.0,0.0,3.080975934698086e-05
600.0,J2,0,0,0,0.0,0.0,8.08511465882417e-05
600.0,J3,0,0,0,0.0,0.0,3.0806632033723057e-05
601.0,J2,0,0,0,0.0,0.0,8.081636077360766e-05
601.0,J3,0,0,0,0.0,0.0,3.080273976542358e-05
602.0,J2,0,0,0,0.0,0.0,8.082198534691221e-05
602.0,J3,0,0,0,0.0,0.0,3.0790913996104755e-05
603.0,J2,0,0,0,0.0,0.0,8.083947298601512e-05
603.0,J3,0,0,0,0.0,0.0,3.076647170909052e-05
604.0,J2,0,0,0,0.0,0.0,8.082503621605464e-05
604.0,J3,0,0,0,0.0,0.0,3.071707718205321e-05
605.0,J2,0,0,0,0.0,0.0,8.085273476141579e-05
605.0,J3,0,0,0,0.0,0.0,3.07409062544692e-05
606.0,J2,0,0,0,0.0,0.0,8.092626308064602e-05
606.0,J3,0,0,0,0.0,0.0,3.073954440600639e-05
607.0,J2,0,0,0,0.0,0.0,8.089752520589765e-05
607.0,J3,0,0,0,0.0,0.0,3.07316264599035e-05
608.0,J2,0,0,0,0.0,0.0,8.08063371795139e-05
608.0,J3,0,0,0,0.0,0.0,3.0706420817159595e-05
609.0,J2,0,0,0,0.0,0.0,8.07749111681592e-05
609.0,J3,0,0,0,0.0,0.0,3.069101563912522e-05
610.0,J2,0,0,0,0.0,0.0,8.071901114548708e-05
610.0,J3,0,0,0,0.0,0.0,3.0676540586173796e-05
611.0,J2,0,0,0,0.0,0.0,8.06894487753188e-05
611.0,J3,0,0,0,0.0,0.0,3.0669708425518e-05
612.0,J2,0,0,0,0.0,0.0,8.065850335397304e-05
612.0,J3,0,0,0,0.0,0.0,3.066476488005723e-05
613.0,J2,0,0,0,0.0,0.0,8.06502195801475e-05
613.0,J3,0,0,0,0.0,0.0,3.062507142646771e-05
614.0,J2,0,0,0,0.0,0.0,8.061642563806043e-05
614.0,J3,0,0,0,0.0,0.0,3.064802004266755e-05
615.0,J2,0,0,0,0.0,0.0,8.057715788169528e-05
615.0,J3,0,0,0,0.0,0.0,3.0633172295366894e-05
616.0,J2,0,0,0,0.0,0.0,8.0530872468944e-05
616.0,J3,0,0,0,0.0,0.0,3.0615692438572495e-05
617.0,J2,0,0,0,0.0,0.0,8.054037446194765e-05
617.0,J3,0,0,0,0.0,0.0,3.061350830811782e-05
618.0,J2,0,0,0,0.0,0.0,8.052736234385503e-05
618.0,J3,0,0,0,0.0,0.0,3.06127740889283e-05
619.0,J2,0,0,0,0.0,0.0,8.05393277300826e-05
619.0,J3,0,0,0,0.0,0.0,3.061154263292189e-05
620.0,J2,0,0,0,0.0,0.0,8.056018985889305e-05
620.0,J3,0,0,0,0.0,0.0,3.0607230599892704e-05
621.0,J2,0,0,0,0.0,0.0,8.057334836569262e-05
621.0,J3,0,0,0,0.0,0.0,3.060882511637336e-05
622.0,J2,0,0,0,0.0,0.0,8.056323389423113e-05
622.0,J3,0,0,0,0.0,0.0,3.059531925841501e-05
623.0,J2,0,0,0,0.0,0.0,8.053903250957852e-05
623.0,J3,0,0,0,0.0,0.0,3.05863161068755e-05
624.0,J2,0,0,0,0.0,0.0,8.051277023398749e-05
624.0,J3,0,0,0,0.0,0.0,3.056998670202338e-05
625.0,J2,0,0,0,0.0,0.0,8.052074358733264e-05
625.0,J3,0,0,0,0.0,0.0,3.059570352232875e-05
626.0,J2,0,0,0,0.0,0.0,8.050319221500814e-05
626.0,J3,0,0,0,0.0,0.0,3.0591708664246614e-05
627.0,J2,0,0,0,0.0,0.0,8.049148361562305e-05
627.0,J3,0,0,0,0.0,0.0,3.058726780809293e-05
628.0,J2,0,0,0,0.0,0.0,8.047159531789724e-05
628.0,J3,0,0,0,0.0,0.0,3.060468661353966e-05
629.0,J2,0,0,0,0.0,0.0,8.047439159784728e-05
629.0,J3,0,0,0,0.0,0.0,3.061841852377876e-05
630.0,J2,0,0,0,0.0,0.0,8.0434150788344e-05
630.0,J3,0,0,0,0.0,0.0,3.0599214643207745e-05
631.0,J2,0,0,0,0.0,0.0,8.046453092035089e-05
631.0,J3,0,0,0,0.0,0.0,3.059133804122544e-05
632.0,J2,0,0,0,0.0,0.0,8.044519026550434e-05
632.0,J3,0,0,0,0.0,0.0,3.0584080676658913e-05
633.0,J2,0,0,0,0.0,0.0,8.045816215042784e-05
633.0,J3,0,0,0,0.0,0.0,3.057955768220119e-05
634.0,J2,0,0,0,0.0,0.0,8.044370516539628e-05
634.0,J3,0,0,0,0.0,0.0,3.057073639891452e-05
635.0,J2,0,0,0,0.0,0.0,8.039024262114963e-05
635.0,J3,0,0,0,0.0,0.0,3.0544195711335055e-05
636.0,J2,0,0,0,0.0,0.0,8.03717675060626e-05
636.0,J3,0,0,0,0.0,0.0,3.053739379153591e-05
637.0,J2,0,0,0,0.0,0.0,8.034464899270454e-05
637.0,J3,0,0,0,0.0,0.0,3.056117657397921e-05
638.0,J2,0,0,0,0.0,0.0,8.031647754830225e-05
638.0,J3,0,0,0,0.0,0.0,3.0550561576415026e-05
639.0,J2,0,0,0,0.0,0.0,8.028858655317821e-05
639.0,J3,0,0,0,0.0,0.0,3.054870839029427e-05
640.0,J2,0,0,0,0.0,0.0,8.031354246275043e-05
640.0,J3,0,0,0,0.0,0.0,3.053907225085624e-05
641.0,J2,0,0,0,0.0,0.0,8.03591359285559e-05
641.0,J3,0,0,0,0.0,0.0,3.055678139044656e-05
642.0,J2,0,0,0,0.0,0.0,8.031719522577939e-05
642.0,J3,0,0,0,0.0,0.0,3.054731009807124e-05
643.0,J2,0,0,0,0.0,0.0,8.03139663467138e-05
643.0,J3,0,0,0,0.0,0.0,3.0536688571172994e-05
644.0,J2,0,0,0,0.0,0.0,8.028504696946081e-05
644.0,J3,0,0,0,0.0,0.0,3.053197939694061e-05
645.0,J2,0,0,0,0.0,0.0,8.026339817405368e-05
645.0,J3,0,0,0,0.0,0.0,3.05300896653136e-05
646.0,J2,0,0,0,0.0,0.0,8.027055761793458e-05
646.0,J3,0,0,0,0.0,0.0,3.055443383415644e-05
647.0,J2,0,0,0,0.0,0.0,8.032947827368998e-05
647.0,J3,0,0,0,0.0,0.0,3.054615989080943e-05
648.0,J2,0,0,0,0.0,0.0,8.031698668063869e-05
648.0,J3,0,0,0,0.0,0.0,3.053216758774407e-05
649.0,J2,0,0,0,0.0,0.0,8.030864910586261e-05
649.0,J3,0,0,0,0.0,0.0,3.052592431231785e-05
650.0,J2,0,0,0,0.0,0.0,8.032227160982913e-05
650.0,J3,0,0,0,0.0,0.0,3.0543228109471825e-05
651.0,J2,0,0,0,0.0,0.0,8.028919635476486e-05
651.0,J3,0,0,0,0.0,0.0,3.0526947621561135e-05
652.0,J2,0,0,0,0.0,0.0,8.02711950310414e-05
652.0,J3,0,0,0,0.0,0.0,3.051796943888003e-05
653.0,J2,0,0,0,0.0,0.0,8.030206202431918e-05
653.0,J3,0,0,0,0.0,0.0,3.053927122397221e-05
654.0,J2,0,0,0,0.0,0.0,8.033876278024477e-05
654.0,J3,0,0,0,0.0,0.0,3.0549938266718973e-05
655.0,J2,0,0,0,0.0,0.0,8.032819233308592e-05
655.0,J3,0,0,0,0.0,0.0,3.054282607779757e-05
656.0,J2,0,0,0,0.0,0.0,8.032311870230628e-05
656.0,J3,0,0,0,0.0,0.0,3.053787839202661e-05
657.0,J2,0,0,0,0.0,0.0,8.028881005950755e-05
657.0,J3,0,0,0,0.0,0.0,3.0533329878836934e-05
658.0,J2,0,0,0,0.0,0.0,8.027048695236362e-05
658.0,J3,0,0,0,0.0,0.0,3.052320701231437e-05
659.0,J2,0,0,0,0.0,0.0,8.029054017194192e-05
659.0,J3,0,0,0,0.0,0.0,3.0536777432117415e-05
660.0,J2,0,0,0,0.0,0.0,8.028589403869153e-05
660.0,J3,0,0,0,0.0,0.0,3.053191740043111e-05
661.0,J2,0,0,0,0.0,0.0,8.027341825859206e-05
661.0,J3,0,0,0,0.0,0.0,3.05120575276789e-05
662.0,J2,0,0,0,0.0,0.0,8.0247166318118e-05
662.0,J3,0,0,0,0.0,0.0,3.0520837093875695e-05
663.0,J2,0,0,0,0.0,0.0,8.023808457399863e-05
663.0,J3,0,0,0,0.0,0.0,3.0508375649191735e-05
664.0,J2,0,0,0,0.0,0.0,8.02169536503079e-05
664.0,J3,0,0,0,0.0,0.0,3.0504151287091488e-05
665.0,J2,0,0,0,0.0,0.0,8.018797777189495e-05
665.0,J3,0,0,0,0.0,0.0,3.04932137579719e-05
666.0,J2,0,0,0,0.0,0.0,8.020087792782675e-05
666.0,J3,0,0,0,0.0,0.0,3.0480036919823836e-05
667.0,J2,0,0,0,0.0,0.0,8.017712141646208e-05
667.0,J3,0,0,0,0.0,0.0,3.0477034358849546e-05
668.0,J2,0,0,0,0.0,0.0,8.021147856357586e-05
668.0,J3,0,0,0,0.0,0.0,3.0466752488476792e-05
669.0,J2,0,0,0,0.0,0.0,8.019124340885826e-05
669.0,J3,0,0,0,0.0,0.0,3.0453937530923763e-05
670.0,J2,0,0,0,0.0,0.0,8.020725706582567e-05
670.0,J3,0,0,0,0.0,0.0,3.0442225501095794e-05
671.0,J2,0,0,0,0.0,0.0,8.018969930704166e-05
671.0,J3,0,0,0,0.0,0.0,3.043578232885612e-05
672.0,J2,0,0,0,0.0,0.0,8.026951374413497e-05
672.0,J3,0,0,0,0.0,0.0,3.042813099031737e-05
673.0,J2,0,0,0,0.0,0.0,8.032024832118008e-05
673.0,J3,0,0,0,0.0,0.0,3.0414726137649393e-05
674.0,J2,0,0,0,0.0,0.0,8.031278141517069e-05
674.0,J3,0,0,0,0.0,0.0,3.0379908053351694e-05
675.0,J2,0,0,0,0.0,0.0,8.032698192455569e-05
675.0,J3,0,0,0,0.0,0.0,3.0365665664186006e-05
676.0,J2,0,0,0,0.0,0.0,8.031096883847362e-05
676.0,J3,0,0,0,0.0,0.0,3.0378175925835375e-05
677.0,J2,0,0,0,0.0,0.0,8.030629812157254e-05
677.0,J3,0,0,0,0.0,0.0,3.0365725426743684e-05
678.0,J2,0,0,0,0.0,0.0,8.034807676117472e-05
678.0,J3,0,0,0,0.0,0.0,3.035541777077273e-05
679.0,J2,0,0,0,0.0,0.0,8.034536785456594e-05
679.0,J3,0,0,0,0.0,0.0,3.0346043943848317e-05
680.0,J2,0,0,0,0.0,0.0,8.051778576958719e-05
680.0,J3,0,0,0,0.0,0.0,3.0336253339263232e-05
681.0,J2,0,0,0,0.0,0.0,8.051962988722471e-05
681.0,J3,0,0,0,0.0,0.0,3.0326659612704542e-05
682.0,J2,0,0,0,0.0,0.0,8.05440699367867e-05
682.0,J3,0,0,0,0.0,0.0,3.032035674619881e-05
683.0,J2,0,0,0,0.0,0.0,8.053038901642272e-05
683.0,J3,0,0,0,0.0,0.0,3.033581615916704e-05
684.0,J2,0,0,0,0.0,0.0,8.052625785153309e-05
684.0,J3,0,0,0,0.0,0.0,3.0326234685380935e-05
685.0,J2,0,0,0,0.0,0.0,8.051897222827135e-05
685.0,J3,0,0,0,0.0,0.0,3.0346182751719032e-05
686.0,J2,0,0,0,0.0,0.0,8.051682469158778e-05
686.0,J3,0,0,0,0.0,0.0,3.0335129057946177e-05
687.0,J2,0,0,0,0.0,0.0,8.050745767416255e-05
687.0,J3,0,0,0,0.0,0.0,3.031991174576902e-05
688.0,J2,0,0,0,0.0,0.0,8.050363899008673e-05
688.0,J3,0,0,0,0.0,0.0,3.033881603866993e-05
689.0,J2,0,0,0,0.0,0.0,8.051835740453142e-05
689.0,J3,0,0,0,0.0,0.0,3.0331273540974395e-05
690.0,J2,0,0,0,0.0,0.0,8.050132797894166e-05
690.0,J3,0,0,0,0.0,0.0,3.031464732366519e-05
691.0,J2,0,0,0,0.0,0.0,8.049321399222578e-05
691.0,J3,0,0,0,0.0,0.0,3.0326265246734262e-05
692.0,J2,0,0,0,0.0,0.0,8.048753147195106e-05
692.0,J3,0,0,0,0.0,0.0,3.031617732602599e-05
693.0,J2,0,0,0,0.0,0.0,8.045424619007255e-05
693.0,J3,0,0,0,0.0,0.0,3.029841803451447e-05
694.0,J2,0,0,0,0.0,0.0,8.044797579832165e-05
694.0,J3,0,0,0,0.0,0.0,3.0282510355624748e-05
695.0,J2,0,0,0,0.0,0.0,8.043303087913776e-05
695.0,J3,0,0,0,0.0,0.0,3.0268797118847836e-05
696.0,J2,0,0,0,0.0,0.0,8.040033642735446e-05
696.0,J3,0,0,0,0.0,0.0,3.0254245204831475e-05
697.0,J2,0,0,0,0.0,0.0,8.03911101038429e-05
697.0,J3,0,0,0,0.0,0.0,3.0248491271601107e-05
698.0,J2,0,0,0,0.0,0.0,8.040443289679439e-05
698.0,J3,0,0,0,0.0,0.0,3.023723556838571e-05
699.0,J2,0,0,0,0.0,0.0,8.039522212900664e-05
699.0,J3,0,0,0,0.0,0.0,3.0228022303929414e-05
700.0,J2,0,0,0,0.0,0.0,8.03920905992741e-05
700.0,J3,0,0,0,0.0,0.0,3.0216188400513154e-05
701.0,J2,0,0,0,0.0,0.0,8.037679939395403e-05
701.0,J3,0,0,0,0.0,0.0,3.020477018108434e-05
702.0,J2,0,0,0,0.0,0.0,8.040476764186995e-05
702.0,J3,0,0,0,0.0,0.0,3.021850307354702e-05
703.0,J2,0,0,0,0.0,0.0,8.04036180618297e-05
703.0,J3,0,0,0,0.0,0.0,3.0205485074179266e-05
704.0,J2,0,0,0,0.0,0.0,8.036575718264317e-05
704.0,J3,0,0,0,0.0,0.0,3.019403984827949e-05
705.0,J2,0,0,0,0.0,0.0,8.035592500510212e-05
705.0,J3,0,0,0,0.0,0.0,3.0188020733338277e-05
706.0,J2,0,0,0,0.0,0.0,8.032647079191681e-05
706.0,J3,0,0,0,0.0,0.0,3.018326422754513e-05
707.0,J2,0,0,0,0.0,0.0,8.031534065361783e-05
707.0,J3,0,0,0,0.0,0.0,3.0171359275969333e-05
708.0,J2,0,0,0,0.0,0.0,8.032880944122293e-05
708.0,J3,0,0,0,0.0,0.0,3.0166005225552574e-05
709.0,J2,0,0,0,0.0,0.0,8.033269191739369e-05
709.0,J3,0,0,0,0.0,0.0,3.0157061664474904e-05
710.0,J2,0,0,0,0.0,0.0,8.035240627911478e-05
710.0,J3,0,0,0,0.0,0.0,3.016780528181593e-05
711.0,J2,0,0,0,0.0,0.0,8.036884242481789e-05
711.0,J3,0,0,0,0.0,0.0,3.016163218573898e-05
712.0,J2,0,0,0,0.0,0.0,8.03629276893842e-05
712.0,J3,0,0,0,0.0,0.0,3.0155252026269803e-05
713.0,J2,0,0,0,0.0,0.0,8.032488570668464e-05
713.0,J3,0,0,0,0.0,0.0,3.014918591615852e-05
714.0,J2,0,0,0,0.0,0.0,8.030951055960523e-05
714.0,J3,0,0,0,0.0,0.0,3.013792700574509e-05
715.0,J2,0,0,0,0.0,0.0,8.032365212886322e-05
715.0,J3,0,0,0,0.0,0.0,3.014654284931246e-05
716.0,J2,0,0,0,0.0,0.0,8.029632635969772e-05
716.0,J3,0,0,0,0.0,0.0,3.015386260125614e-05
717.0,J2,0,0,0,0.0,0.0,8.028767381015486e-05
717.0,J3,0,0,0,0.0,0.0,3.0148541686559896e-05
718.0,J2,0,0,0,0.0,0.0,8.029350420426788e-05
718.0,J3,0,0,0,0.0,0.0,3.0162073409535178e-05
719.0,J2,0,0,0,0.0,0.0,8.02868022032654e-05
719.0,J3,0,0,0,0.0,0.0,3.0155472214370486e-05
720.0,J2,0,0,0,0.0,0.0,8.029090489499594e-05
720.0,J3,0,0,0,0.0,0.0,3.0141442520967703e-05
721.0,J2,0,0,0,0.0,0.0,8.032306242537938e-05
721.0,J3,0,0,0,0.0,0.0,3.0156705279854948e-05
722.0,J2,0,0,0,0.0,0.0,8.032311833458455e-05
722.0,J3,0,0,0,0.0,0.0,3.01358992537347e-05
723.0,J2,0,0,0,0.0,0.0,8.02995993654857e-05
723.0,J3,0,0,0,0.0,0.0,3.0125112831585028e-05
724.0,J2,0,0,0,0.0,0.0,8.026394116229099e-05
724.0,J3,0,0,0,0.0,0.0,3.011776156774581e-05
725.0,J2,0,0,0,0.0,0.0,8.025032180384368e-05
725.0,J3,0,0,0,0.0,0.0,3.0105267018945316e-05
726.0,J2,0,0,0,0.0,0.0,8.0240633049919e-05
726.0,J3,0,0,0,0.0,0.0,3.0097635582036942e-05
727.0,J2,0,0,0,0.0,0.0,8.022761069105555e-05
727.0,J3,0,0,0,0.0,0.0,3.0080190839636147e-05
728.0,J2,0,0,0,0.0,0.0,8.040213731411366e-05
728.0,J3,0,0,0,0.0,0.0,3.0078711732482076e-05
729.0,J2,0,0,0,0.0,0.0,8.039594405473526e-05
729.0,J3,0,0,0,0.0,0.0,3.006467200977504e-05
730.0,J2,0,0,0,0.0,0.0,8.037652324836092e-05
730.0,J3,0,0,0,0.0,0.0,3.0057510617037822e-05
731.0,J2,0,0,0,0.0,0.0,8.036511904952474e-05
731.0,J3,0,0,0,0.0,0.0,3.0040975110996848e-05
732.0,J2,0,0,0,0.0,0.0,8.035862057585843e-05
732.0,J3,0,0,0,0.0,0.0,3.0026214503755666e-05
733.0,J2,0,0,0,0.0,0.0,8.035190620143285e-05
733.0,J3,0,0,0,0.0,0.0,3.0037681710400783e-05
734.0,J2,0,0,0,0.0,0.0,8.035611509486062e-05
734.0,J3,0,0,0,0.0,0.0,3.0050528085800053e-05
735.0,J2,0,0,0,0.0,0.0,8.032081619455403e-05
735.0,J3,0,0,0,0.0,0.0,3.0043347407188558e-05
736.0,J2,0,0,0,0.0,0.0,8.02832632547227e-05
736.0,J3,0,0,0,0.0,0.0,3.0012409943803848e-05
737.0,J2,0,0,0,0.0,0.0,8.025642787592764e-05
737.0,J3,0,0,0,0.0,0.0,3.0003279695773406e-05
738.0,J2,0,0,0,0.0,0.0,8.022798528806133e-05
738.0,J3,0,0,0,0.0,0.0,2.999342077790795e-05
739.0,J2,0,0,0,0.0,0.0,8.022344623771412e-05
739.0,J3,0,0,0,0.0,0.0,2.9982752603121515e-05
740.0,J2,0,0,0,0.0,0.0,8.020866137790611e-05
740.0,J3,0,0,0,0.0,0.0,2.9962496717287014e-05
741.0,J2,0,0,0,0.0,0.0,8.020158130026545e-05
741.0,J3,0,0,0,0.0,0.0,2.9951070152098264e-05
742.0,J2,0,0,0,0.0,0.0,8.019071752261626e-05
742.0,J3,0,0,0,0.0,0.0,2.9938154396137884e-05
743.0,J2,0,0,0,0.0,0.0,8.017218232707442e-05
743.0,J3,0,0,0,0.0,0.0,2.9955866311062675e-05
744.0,J2,0,0,0,0.0,0.0,8.016627450844907e-05
744.0,J3,0,0,0,0.0,0.0,2.9967252871854024e-05
745.0,J2,0,0,0,0.0,0.0,8.019122119345135e-05
745.0,J3,0,0,0,0.0,0.0,2.9978119308368354e-05
746.0,J2,0,0,0,0.0,0.0,8.018634372070863e-05
746.0,J3,0,0,0,0.0,0.0,2.9966832744345845e-05
747.0,J2,0,0,0,0.0,0.0,8.01775156067495e-05
747.0,J3,0,0,0,0.0,0.0,2.993633678797126e-05
748.0,J2,0,0,0,0.0,0.0,8.017153543783494e-05
748.0,J3,0,0,0,0.0,0.0,2.9952790206793338e-05
749.0,J2,0,0,0,0.0,0.0,8.016421373191886e-05
749.0,J3,0,0,0,0.0,0.0,2.9966797746056555e-05
750.0,J2,0,0,0,0.0,0.0,8.018493611559582e-05
750.0,J3,0,0,0,0.0,0.0,2.995249058926467e-05
751.0,J2,0,0,0,0.0,0.0,8.018599739657988e-05
751.0,J3,0,0,0,0.0,0.0,2.9943609603442582e-05
752.0,J2,0,0,0,0.0,0.0,8.018296028261746e-05
752.0,J3,0,0,0,0.0,0.0,2.9933802354016316e-05
753.0,J2,0,0,0,0.0,0.0,8.015537178420403e-05
753.0,J3,0,0,0,0.0,0.0,2.9949613304902436e-05
754.0,J2,0,0,0,0.0,0.0,8.015673883164342e-05
754.0,J3,0,0,0,0.0,0.0,2.996673091714963e-05
755.0,J2,0,0,0,0.0,0.0,8.013124901437253e-05
755.0,J3,0,0,0,0.0,0.0,2.9952937021395416e-05
756.0,J2,0,0,0,0.0,0.0,8.013084167780823e-05
756.0,J3,0,0,0,0.0,0.0,2.9943448213694852e-05
757.0,J2,0,0,0,0.0,0.0,8.010977104068613e-05
757.0,J3,0,0,0,0.0,0.0,2.9935772716718662e-05
758.0,J2,0,0,0,0.0,0.0,8.008741801074414e-05
758.0,J3,0,0,0,0.0,0.0,2.9933213161299673e-05
759.0,J2,0,0,0,0.0,0.0,8.006698074083283e-05
759.0,J3,0,0,0,0.0,0.0,2.993136480065388e-05
760.0,J2,0,0,0,0.0,0.0,8.006338491346553e-05
760.0,J3,0,0,0,0.0,0.0,2.992324834340586e-05
761.0,J2,0,0,0,0.0,0.0,8.008580172169742e-05
761.0,J3,0,0,0,0.0,0.0,2.9942443043977724e-05
762.0,J2,0,0,0,0.0,0.0,8.012635874925945e-05
762.0,J3,0,0,0,0.0,0.0,2.9937226894781058e-05
763.0,J2,0,0,0,0.0,0.0,8.012188600389655e-05
763.0,J3,0,0,0,0.0,0.0,2.9927033830244697e-05
764.0,J2,0,0,0,0.0,0.0,8.012438102623649e-05
764.0,J3,0,0,0,0.0,0.0,2.990453357797607e-05
765.0,J2,0,0,0,0.0,0.0,8.012716354504799e-05
765.0,J3,0,0,0,0.0,0.0,2.9897134063010945e-05
766.0,J2,0,0,0,0.0,0.0,8.013104437604827e-05
766.0,J3,0,0,0,0.0,0.0,2.9890141445211917e-05
767.0,J2,0,0,0,0.0,0.0,8.01230558784156e-05
767.0,J3,0,0,0,0.0,0.0,2.9885514740257416e-05
768.0,J2,0,0,0,0.0,0.0,8.01521076192944e-05
768.0,J3,0,0,0,0.0,0.0,2.9878231199629053e-05
769.0,J2,0,0,0,0.0,0.0,8.014813895710824e-05
769.0,J3,0,0,0,0.0,0.0,2.9873319038663482e-05
770.0,J2,0,0,0,0.0,0.0,8.017946776845676e-05
770.0,J3,0,0,0,0.0,0.0,2.9883489720807802e-05
771.0,J2,0,0,0,0.0,0.0,8.01566217645632e-05
771.0,J3,0,0,0,0.0,0.0,2.987589197789312e-05
772.0,J2,0,0,0,0.0,0.0,8.014486463858534e-05
772.0,J3,0,0,0,0.0,0.0,2.9864982469343575e-05
773.0,J2,0,0,0,0.0,0.0,8.009908414841327e-05
773.0,J3,0,0,0,0.0,0.0,2.9848824540365065e-05
774.0,J2,0,0,0,0.0,0.0,8.006664054701459e-05
774.0,J3,0,0,0,0.0,0.0,2.983757771613767e-05
775.0,J2,0,0,0,0.0,0.0,8.005643991212323e-05
775.0,J3,0,0,0,0.0,0.0,2.982726801229949e-05
776.0,J2,0,0,0,0.0,0.0,8.004495104658408e-05
776.0,J3,0,0,0,0.0,0.0,2.981667731570036e-05
777.0,J2,0,0,0,0.0,0.0,7.957814809874884e-05
777.0,J3,0,0,0,0.0,0.0,2.9636389641340547e-05
778.0,J2,0,0,0,0.0,0.0,7.962401135489848e-05
778.0,J3,0,0,0,0.0,0.0,2.9616551224853596e-05
779.0,J2,0,0,0,0.0,0.0,7.962096316416724e-05
779.0,J3,0,0,0,0.0,0.0,2.960736376428129e-05
780.0,J2,0,0,0,0.0,0.0,7.963022637755025e-05
780.0,J3,0,0,0,0.0,0.0,2.960039742453647e-05
781.0,J2,0,0,0,0.0,0.0,7.962472416072167e-05
781.0,J3,0,0,0,0.0,0.0,2.9592117893038326e-05
782.0,J2,0,0,0,0.0,0.0,7.964548523836862e-05
782.0,J3,0,0,0,0.0,0.0,2.9589699474142467e-05
783.0,J2,0,0,0,0.0,0.0,7.963031348061821e-05
783.0,J3,0,0,0,0.0,0.0,2.9589806708035036e-05
784.0,J2,0,0,0,0.0,0.0,7.963674970989504e-05
784.0,J3,0,0,0,0.0,0.0,2.9588999191616493e-05
785.0,J2,0,0,0,0.0,0.0,7.96494621728064e-05
785.0,J3,0,0,0,0.0,0.0,2.9604368310227812e-05
786.0,J2,0,0,0,0.0,0.0,7.961759156571065e-05
786.0,J3,0,0,0,0.0,0.0,2.9593465838990005e-05
787.0,J2,0,0,0,0.0,0.0,7.963508781733615e-05
787.0,J3,0,0,0,0.0,0.0,2.95819017154472e-05
788.0,J2,0,0,0,0.0,0.0,7.962616612346898e-05
788.0,J3,0,0,0,0.0,0.0,2.9570783848942348e-05
789.0,J2,0,0,0,0.0,0.0,7.962169884988572e-05
789.0,J3,0,0,0,0.0,0.0,2.9566041929655756e-05
790.0,J2,0,0,0,0.0,0.0,7.960328559448275e-05
790.0,J3,0,0,0,0.0,0.0,2.9557810608132045e-05
791.0,J2,0,0,0,0.0,0.0,7.957441475960331e-05
791.0,J3,0,0,0,0.0,0.0,2.9551068784451668e-05
792.0,J2,0,0,0,0.0,0.0,7.95569273699046e-05
792.0,J3,0,0,0,0.0,0.0,2.9562111378560006e-05
793.0,J2,0,0,0,0.0,0.0,7.952636076264617e-05
793.0,J3,0,0,0,0.0,0.0,2.9556395345364264e-05
794.0,J2,0,0,0,0.0,0.0,7.949583058455916e-05
794.0,J3,0,0,0,0.0,0.0,2.955244948320842e-05
795.0,J2,0,0,0,0.0,0.0,7.944318391609613e-05
795.0,J3,0,0,0,0.0,0.0,2.9526802921323963e-05
796.0,J2,0,0,0,0.0,0.0,7.940782705900216e-05
796.0,J3,0,0,0,0.0,0.0,2.9495810884986922e-05
797.0,J2,0,0,0,0.0,0.0,7.938251156255471e-05
797.0,J3,0,0,0,0.0,0.0,2.949033092324103e-05
798.0,J2,0,0,0,0.0,0.0,7.934427640350828e-05
798.0,J3,0,0,0,0.0,0.0,2.948866794586045e-05
799.0,J2,0,0,0,0.0,0.0,7.931454917061775e-05
799.0,J3,0,0,0,0.0,0.0,2.9475549064301727e-05
800.0,J2,0,0,0,0.0,0.0,7.92834692676847e-05
800.0,J3,0,0,0,0.0,0.0,2.9467852579573632e-05
801.0,J2,0,0,0,0.0,0.0,7.925183957661146e-05
801.0,J3,0,0,0,0.0,0.0,2.944013851750201e-05
802.0,J2,0,0,0,0.0,0.0,7.923968818240366e-05
802.0,J3,0,0,0,0.0,0.0,2.9439472307996187e-05
803.0,J2,0,0,0,0.0,0.0,7.919192753661463e-05
803.0,J3,0,0,0,0.0,0.0,2.943588319813738e-05
804.0,J2,0,0,0,0.0,0.0,7.914267479362864e-05
804.0,J3,0,0,0,0.0,0.0,2.940224214446498e-05
805.0,J2,0,0,0,0.0,0.0,7.911644908226305e-05
805.0,J3,0,0,0,0.0,0.0,2.9398017176508814e-05
806.0,J2,0,0,0,0.0,0.0,7.909918310971422e-05
806.0,J3,0,0,0,0.0,0.0,2.939541614468313e-05
807.0,J2,0,0,0,0.0,0.0,7.90657459543611e-05
807.0,J3,0,0,0,0.0,0.0,2.936718059954306e-05
808.0,J2,0,0,0,0.0,0.0,7.901008048516217e-05
808.0,J3,0,0,0,0.0,0.0,2.9355966108776244e-05
809.0,J2,0,0,0,0.0,0.0,7.896177687560701e-05
809.0,J3,0,0,0,0.0,0.0,2.932908510320259e-05
810.0,J2,0,0,0,0.0,0.0,7.895187555193083e-05
810.0,J3,0,0,0,0.0,0.0,2.9319516977001943e-05
811.0,J2,0,0,0,0.0,0.0,7.890657284200249e-05
811.0,J3,0,0,0,0.0,0.0,2.9304164222421875e-05
812.0,J2,0,0,0,0.0,0.0,7.88751574590224e-05
812.0,J3,0,0,0,0.0,0.0,2.9275079309785837e-05
813.0,J2,0,0,0,0.0,0.0,7.882117389721348e-05
813.0,J3,0,0,0,0.0,0.0,2.9262783449230606e-05
814.0,J2,0,0,0,0.0,0.0,7.876951622363737e-05
814.0,J3,0,0,0,0.0,0.0,2.9253007044482073e-05
815.0,J2,0,0,0,0.0,0.0,7.874235896700067e-05
815.0,J3,0,0,0,0.0,0.0,2.9245516781878814e-05
816.0,J2,0,0,0,0.0,0.0,7.872017416520674e-05
816.0,J3,0,0,0,0.0,0.0,2.9220007123687892e-05
817.0,J2,0,0,0,0.0,0.0,7.867788330151587e-05
817.0,J3,0,0,0,0.0,0.0,2.921198130115823e-05
818.0,J2,0,0,0,0.0,0.0,7.86319324037553e-05
818.0,J3,0,0,0,0.0,0.0,2.920878146350971e-05
819.0,J2,0,0,0,0.0,0.0,7.861231876868094e-05
819.0,J3,0,0,0,0.0,0.0,2.9205241131620146e-05
820.0,J2,0,0,0,0.0,0.0,7.85684510479013e-05
820.0,J3,0,0,0,0.0,0.0,2.9178487339014298e-05
821.0,J2,0,0,0,0.0,0.0,7.852016618445071e-05
821.0,J3,0,0,0,0.0,0.0,2.916813742782666e-05
822.0,J2,0,0,0,0.0,0.0,7.849175011259176e-05
822.0,J3,0,0,0,0.0,0.0,2.9162992948386504e-05
823.0,J2,0,0,0,0.0,0.0,7.84435389590355e-05
823.0,J3,0,0,0,0.0,0.0,2.9152672672560443e-05
824.0,J2,0,0,0,0.0,0.0,7.84312219640007e-05
824.0,J3,0,0,0,0.0,0.0,2.914895664566403e-05
825.0,J2,0,0,0,0.0,0.0,7.842301847492014e-05
825.0,J3,0,0,0,0.0,0.0,2.9130506834573795e-05
826.0,J2,0,0,0,0.0,0.0,7.84074208963911e-05
826.0,J3,0,0,0,0.0,0.0,2.9131753565749456e-05
827.0,J2,0,0,0,0.0,0.0,7.836494412403006e-05
827.0,J3,0,0,0,0.0,0.0,2.9129600608826523e-05
828.0,J2,0,0,0,0.0,0.0,7.834330803079131e-05
828.0,J3,0,0,0,0.0,0.0,2.910291037133333e-05
829.0,J2,0,0,0,0.0,0.0,7.832338461393322e-05
829.0,J3,0,0,0,0.0,0.0,2.908140789825917e-05
830.0,J2,0,0,0,0.0,0.0,7.829881583815193e-05
830.0,J3,0,0,0,0.0,0.0,2.905537842606797e-05
831.0,J2,0,0,0,0.0,0.0,7.825334275925976e-05
831.0,J3,0,0,0,0.0,0.0,2.9050480858950336e-05
832.0,J2,0,0,0,0.0,0.0,7.822864419645708e-05
832.0,J3,0,0,0,0.0,0.0,2.902445726426453e-05
833.0,J2,0,0,0,0.0,0.0,7.818389858859003e-05
833.0,J3,0,0,0,0.0,0.0,2.902144470035657e-05
834.0,J2,0,0,0,0.0,0.0,7.813892160383666e-05
834.0,J3,0,0,0,0.0,0.0,2.9013847527381604e-05
835.0,J2,0,0,0,0.0,0.0,7.811525787113083e-05
835.0,J3,0,0,0,0.0,0.0,2.89839019982851e-05
836.0,J2,0,0,0,0.0,0.0,7.807676368292639e-05
836.0,J3,0,0,0,0.0,0.0,2.8977052140595315e-05
837.0,J2,0,0,0,0.0,0.0,7.805236162969845e-05
837.0,J3,0,0,0,0.0,0.0,2.896889738619739e-05
838.0,J2,0,0,0,0.0,0.0,7.800194643640176e-05
838.0,J3,0,0,0,0.0,0.0,2.895489157913576e-05
839.0,J2,0,0,0,0.0,0.0,7.79779169540362e-05
839.0,J3,0,0,0,0.0,0.0,2.893207587938406e-05
840.0,J2,0,0,0,0.0,0.0,7.796775233260681e-05
840.0,J3,0,0,0,0.0,0.0,2.8922679981485105e-05
841.0,J2,0,0,0,0.0,0.0,7.793869564507598e-05
841.0,J3,0,0,0,0.0,0.0,2.8918811506224245e-05
842.0,J2,0,0,0,0.0,0.0,7.791511607417194e-05
842.0,J3,0,0,0,0.0,0.0,2.891260896393092e-05
843.0,J2,0,0,0,0.0,0.0,7.788434081615305e-05
843.0,J3,0,0,0,0.0,0.0,2.8908060556472663e-05
844.0,J2,0,0,0,0.0,0.0,7.786695228073714e-05
844.0,J3,0,0,0,0.0,0.0,2.8905249328723817e-05
845.0,J2,0,0,0,0.0,0.0,7.78470432800598e-05
845.0,J3,0,0,0,0.0,0.0,2.8901476826762394e-05
846.0,J2,0,0,0,0.0,0.0,7.782569891075155e-05
846.0,J3,0,0,0,0.0,0.0,2.8897160766894085e-05
847.0,J2,0,0,0,0.0,0.0,7.778051454775918e-05
847.0,J3,0,0,0,0.0,0.0,2.8892052187075672e-05
848.0,J2,0,0,0,0.0,0.0,7.774934279382222e-05
848.0,J3,0,0,0,0.0,0.0,2.8864023541684603e-05
849.0,J2,0,0,0,0.0,0.0,7.771788982577776e-05
849.0,J3,0,0,0,0.0,0.0,2.883322763455027e-05
850.0,J2,0,0,0,0.0,0.0,7.769259140227191e-05
850.0,J3,0,0,0,0.0,0.0,2.8827433069119696e-05
851.0,J2,0,0,0,0.0,0.0,7.766615927763706e-05
851.0,J3,0,0,0,0.0,0.0,2.8815830571844965e-05
852.0,J2,0,0,0,0.0,0.0,7.755198663348885e-05
852.0,J3,0,0,0,0.0,0.0,2.8750792091626912e-05
853.0,J2,0,0,0,0.0,0.0,7.752978686259263e-05
853.0,J3,0,0,0,0.0,0.0,2.872475582005385e-05
854.0,J2,0,0,0,0.0,0.0,7.75019240527414e-05
854.0,J3,0,0,0,0.0,0.0,2.8704092153056936e-05
855.0,J2,0,0,0,0.0,0.0,7.747310105910863e-05
855.0,J3,0,0,0,0.0,0.0,2.8678846643563653e-05
856.0,J2,0,0,0,0.0,0.0,7.741412701764304e-05
856.0,J3,0,0,0,0.0,0.0,2.8643610127395157e-05
857.0,J2,0,0,0,0.0,0.0,7.736720674388302e-05
857.0,J3,0,0,0,0.0,0.0,2.8639378551234448e-05
858.0,J2,0,0,0,0.0,0.0,7.731956645483713e-05
858.0,J3,0,0,0,0.0,0.0,2.863055301675425e-05
859.0,J2,0,0,0,0.0,0.0,7.727333234479008e-05
859.0,J3,0,0,0,0.0,0.0,2.8622266520948416e-05
860.0,J2,0,0,0,0.0,0.0,7.72381724305957e-05
860.0,J3,0,0,0,0.0,0.0,2.861174279226403e-05
861.0,J2,0,0,0,0.0,0.0,7.719464031882844e-05
861.0,J3,0,0,0,0.0,0.0,2.8608641659956534e-05
862.0,J2,0,0,0,0.0,0.0,7.71825970332369e-05
862.0,J3,0,0,0,0.0,0.0,2.8586600115199556e-05
863.0,J2,0,0,0,0.0,0.0,7.714772026563733e-05
863.0,J3,0,0,0,0.0,0.0,2.8563985139695552e-05
864.0,J2,0,0,0,0.0,0.0,7.713369305815924e-05
864.0,J3,0,0,0,0.0,0.0,2.8559746622756153e-05
865.0,J2,0,0,0,0.0,0.0,7.711653681940768e-05
865.0,J3,0,0,0,0.0,0.0,2.8551704424427163e-05
866.0,J2,0,0,0,0.0,0.0,7.709666486840394e-05
866.0,J3,0,0,0,0.0,0.0,2.8525794275844154e-05
867.0,J2,0,0,0,0.0,0.0,7.707503925106063e-05
867.0,J3,0,0,0,0.0,0.0,2.8503471927587915e-05
868.0,J2,0,0,0,0.0,0.0,7.70385292927097e-05
868.0,J3,0,0,0,0.0,0.0,2.849298818328871e-05
869.0,J2,0,0,0,0.0,0.0,7.700400964950366e-05
869.0,J3,0,0,0,0.0,0.0,2.8470631493571214e-05
870.0,J2,0,0,0,0.0,0.0,7.697818714862351e-05
870.0,J3,0,0,0,0.0,0.0,2.845105380660617e-05
871.0,J2,0,0,0,0.0,0.0,7.695044669190928e-05
871.0,J3,0,0,0,0.0,0.0,2.84266204161108e-05
872.0,J2,0,0,0,0.0,0.0,7.693064081850562e-05
872.0,J3,0,0,0,0.0,0.0,2.84036254262276e-05
873.0,J2,0,0,0,0.0,0.0,7.68932864699591e-05
873.0,J3,0,0,0,0.0,0.0,2.840273047694512e-05
874.0,J2,0,0,0,0.0,0.0,7.687566795570778e-05
874.0,J3,0,0,0,0.0,0.0,2.837642575461385e-05
875.0,J2,0,0,0,0.0,0.0,7.685849432501097e-05
875.0,J3,0,0,0,0.0,0.0,2.8354501757072895e-05
876.0,J2,0,0,0,0.0,0.0,7.682307931684879e-05
876.0,J3,0,0,0,0.0,0.0,2.83527477008952e-05
877.0,J2,0,0,0,0.0,0.0,7.680701053003885e-05
877.0,J3,0,0,0,0.0,0.0,2.835047031311944e-05
878.0,J2,0,0,0,0.0,0.0,7.676660849817823e-05
878.0,J3,0,0,0,0.0,0.0,2.8338539260148545e-05
879.0,J2,0,0,0,0.0,0.0,7.672510229197239e-05
879.0,J3,0,0,0,0.0,0.0,2.8336023271402442e-05
880.0,J2,0,0,0,0.0,0.0,7.66992480856642e-05
880.0,J3,0,0,0,0.0,0.0,2.8324875490563253e-05
881.0,J2,0,0,0,0.0,0.0,7.666416643156543e-05
881.0,J3,0,0,0,0.0,0.0,2.8302525722177113e-05
882.0,J2,0,0,0,0.0,0.0,7.665724829585318e-05
882.0,J3,0,0,0,0.0,0.0,2.830358392000899e-05
883.0,J2,0,0,0,0.0,0.0,7.662826521695106e-05
883.0,J3,0,0,0,0.0,0.0,2.8304094786778807e-05
884.0,J2,0,0,0,0.0,0.0,7.660967282590314e-05
884.0,J3,0,0,0,0.0,0.0,2.829974933533982e-05
885.0,J2,0,0,0,0.0,0.0,7.657137948814219e-05
885.0,J3,0,0,0,0.0,0.0,2.8296750171752786e-05
886.0,J2,0,0,0,0.0,0.0,7.652982850795567e-05
886.0,J3,0,0,0,0.0,0.0,2.8273536462048075e-05
887.0,J2,0,0,0,0.0,0.0,7.651371051722128e-05
887.0,J3,0,0,0,0.0,0.0,2.825481863749172e-05
888.0,J2,0,0,0,0.0,0.0,7.649142537736729e-05
888.0,J3,0,0,0,0.0,0.0,2.825317680308424e-05
889.0,J2,0,0,0,0.0,0.0,7.645466489781316e-05
889.0,J3,0,0,0,0.0,0.0,2.823587086747752e-05
890.0,J2,0,0,0,0.0,0.0,7.65846026635983e-05
890.0,J3,0,0,0,0.0,0.0,2.823325179721161e-05
891.0,J2,0,0,0,0.0,0.0,7.655348476135638e-05
891.0,J3,0,0,0,0.0,0.0,2.823292111113016e-05
892.0,J2,0,0,0,0.0,0.0,7.654176281654451e-05
892.0,J3,0,0,0,0.0,0.0,2.8211915742485776e-05
893.0,J2,0,0,0,0.0,0.0,7.650624074855828e-05
893.0,J3,0,0,0,0.0,0.0,2.8209897112441422e-05
894.0,J2,0,0,0,0.0,0.0,7.646854007379656e-05
894.0,J3,0,0,0,0.0,0.0,2.8188312297773215e-05
895.0,J2,0,0,0,0.0,0.0,7.645288361373117e-05
895.0,J3,0,0,0,0.0,0.0,2.8179556134935933e-05
896.0,J2,0,0,0,0.0,0.0,7.642799478301869e-05
896.0,J3,0,0,0,0.0,0.0,2.817586045316464e-05
897.0,J2,0,0,0,0.0,0.0,7.64174810255443e-05
897.0,J3,0,0,0,0.0,0.0,2.8171548672584226e-05
898.0,J2,0,0,0,0.0,0.0,7.638792284050917e-05
898.0,J3,0,0,0,0.0,0.0,2.8167664529353443e-05
899.0,J2,0,0,0,0.0,0.0,7.637232110611816e-05
899.0,J3,0,0,0,0.0,0.0,2.814683654890953e-05
900.0,J2,0,0,0,0.0,0.0,7.635741246122427e-05
900.0,J3,0,0,0,0.0,0.0,2.812483268477555e-05
901.0,J2,0,0,0,0.0,0.0,7.632676986530822e-05
901.0,J3,0,0,0,0.0,0.0,2.8116512741636943e-05
902.0,J2,0,0,0,0.0,0.0,7.629186454935845e-05
902.0,J3,0,0,0,0.0,0.0,2.811610999387811e-05
903.0,J2,0,0,0,0.0,0.0,7.627555137397971e-05
903.0,J3,0,0,0,0.0,0.0,2.8097642377627222e-05
904.0,J2,0,0,0,0.0,0.0,7.623543337553213e-05
904.0,J3,0,0,0,0.0,0.0,2.809127007555888e-05
905.0,J2,0,0,0,0.0,0.0,7.621974833357783e-05
905.0,J3,0,0,0,0.0,0.0,2.8070576752019398e-05
906.0,J2,0,0,0,0.0,0.0,7.620191475571852e-05
906.0,J3,0,0,0,0.0,0.0,2.8049118947270753e-05
907.0,J2,0,0,0,0.0,0.0,7.618412775964351e-05
907.0,J3,0,0,0,0.0,0.0,2.8046159630881005e-05
908.0,J2,0,0,0,0.0,0.0,7.614425924751253e-05
908.0,J3,0,0,0,0.0,0.0,2.8023970291855894e-05
909.0,J2,0,0,0,0.0,0.0,7.606870641090348e-05
909.0,J3,0,0,0,0.0,0.0,2.799284360731525e-05
910.0,J2,0,0,0,0.0,0.0,7.603489904817339e-05
910.0,J3,0,0,0,0.0,0.0,2.7977534899043542e-05
911.0,J2,0,0,0,0.0,0.0,7.600676349444196e-05
911.0,J3,0,0,0,0.0,0.0,2.7968250865630417e-05
912.0,J2,0,0,0,0.0,0.0,7.596649300957572e-05
912.0,J3,0,0,0,0.0,0.0,2.7949941654496795e-05
913.0,J2,0,0,0,0.0,0.0,7.592763936602426e-05
913.0,J3,0,0,0,0.0,0.0,2.792425366120633e-05
914.0,J2,0,0,0,0.0,0.0,7.591636028767561e-05
914.0,J3,0,0,0,0.0,0.0,2.792514296664616e-05
915.0,J2,0,0,0,0.0,0.0,7.590547537699525e-05
915.0,J3,0,0,0,0.0,0.0,2.792470062179105e-05
916.0,J2,0,0,0,0.0,0.0,7.586866238985949e-05
916.0,J3,0,0,0,0.0,0.0,2.7919492177563443e-05
917.0,J2,0,0,0,0.0,0.0,7.583782548041362e-05
917.0,J3,0,0,0,0.0,0.0,2.789535255498942e-05
918.0,J2,0,0,0,0.0,0.0,7.582291784672493e-05
918.0,J3,0,0,0,0.0,0.0,2.789484856342549e-05
919.0,J2,0,0,0,0.0,0.0,7.575474242117955e-05
919.0,J3,0,0,0,0.0,0.0,2.787660561570053e-05
920.0,J2,0,0,0,0.0,0.0,7.573343512498826e-05
920.0,J3,0,0,0,0.0,0.0,2.787375296652394e-05
921.0,J2,0,0,0,0.0,0.0,7.569669590360502e-05
921.0,J3,0,0,0,0.0,0.0,2.787094506184113e-05
922.0,J2,0,0,0,0.0,0.0,7.5671674957378e-05
922.0,J3,0,0,0,0.0,0.0,2.7860309344119806e-05
923.0,J2,0,0,0,0.0,0.0,7.56516110841425e-05
923.0,J3,0,0,0,0.0,0.0,2.7839829127425505e-05
924.0,J2,0,0,0,0.0,0.0,7.563588183023864e-05
924.0,J3,0,0,0,0.0,0.0,2.7819563477236495e-05
925.0,J2,0,0,0,0.0,0.0,7.561809476928645e-05
925.0,J3,0,0,0,0.0,0.0,2.7797087348066038e-05
926.0,J2,0,0,0,0.0,0.0,7.557920355193421e-05
926.0,J3,0,0,0,0.0,0.0,2.7770220152305762e-05
927.0,J2,0,0,0,0.0,0.0,7.554388568896003e-05
927.0,J3,0,0,0,0.0,0.0,2.7764041443333957e-05
928.0,J2,0,0,0,0.0,0.0,7.55274305495839e-05
928.0,J3,0,0,0,0.0,0.0,2.774362611837458e-05
929.0,J2,0,0,0,0.0,0.0,7.550769271585806e-05
929.0,J3,0,0,0,0.0,0.0,2.7723470485111125e-05
930.0,J2,0,0,0,0.0,0.0,7.549150628599613e-05
930.0,J3,0,0,0,0.0,0.0,2.7705600092926725e-05
931.0,J2,0,0,0,0.0,0.0,7.546479631749969e-05
931.0,J3,0,0,0,0.0,0.0,2.77050698853168e-05
932.0,J2,0,0,0,0.0,0.0,7.545321829319821e-05
932.0,J3,0,0,0,0.0,0.0,2.770435989941733e-05
933.0,J2,0,0,0,0.0,0.0,7.542074605482972e-05
933.0,J3,0,0,0,0.0,0.0,2.7704428812014466e-05
934.0,J2,0,0,0,0.0,0.0,7.539390466770097e-05
934.0,J3,0,0,0,0.0,0.0,2.7705141187271564e-05
935.0,J2,0,0,0,0.0,0.0,7.535563740412017e-05
935.0,J3,0,0,0,0.0,0.0,2.7687724245376573e-05
936.0,J2,0,0,0,0.0,0.0,7.533808078538751e-05
936.0,J3,0,0,0,0.0,0.0,2.7667039049988183e-05
937.0,J2,0,0,0,0.0,0.0,7.533237328977315e-05
937.0,J3,0,0,0,0.0,0.0,2.7664245577739474e-05
938.0,J2,0,0,0,0.0,0.0,7.529449345062876e-05
938.0,J3,0,0,0,0.0,0.0,2.7645618957362174e-05
939.0,J2,0,0,0,0.0,0.0,7.526012645789581e-05
939.0,J3,0,0,0,0.0,0.0,2.7639684891129613e-05
940.0,J2,0,0,0,0.0,0.0,7.524332172134267e-05
940.0,J3,0,0,0,0.0,0.0,2.761799917639222e-05
941.0,J2,0,0,0,0.0,0.0,7.523805360447553e-05
941.0,J3,0,0,0,0.0,0.0,2.7596393011190094e-05
942.0,J2,0,0,0,0.0,0.0,7.52017064778977e-05
942.0,J3,0,0,0,0.0,0.0,2.7570772310811527e-05
943.0,J2,0,0,0,0.0,0.0,7.51868572509265e-05
943.0,J3,0,0,0,0.0,0.0,2.7568884209966107e-05
944.0,J2,0,0,0,0.0,0.0,7.516566429123734e-05
944.0,J3,0,0,0,0.0,0.0,2.756363893790837e-05
945.0,J2,0,0,0,0.0,0.0,7.514586733079543e-05
945.0,J3,0,0,0,0.0,0.0,2.755748602548315e-05
946.0,J2,0,0,0,0.0,0.0,7.510438251892865e-05
946.0,J3,0,0,0,0.0,0.0,2.753900352958732e-05
947.0,J2,0,0,0,0.0,0.0,7.50852258602281e-05
947.0,J3,0,0,0,0.0,0.0,2.751803469137323e-05
948.0,J2,0,0,0,0.0,0.0,7.505005759762423e-05
948.0,J3,0,0,0,0.0,0.0,2.751182283494701e-05
949.0,J2,0,0,0,0.0,0.0,7.503029641539901e-05
949.0,J3,0,0,0,0.0,0.0,2.749303543613476e-05
950.0,J2,0,0,0,0.0,0.0,7.500032736598929e-05
950.0,J3,0,0,0,0.0,0.0,2.7484568573236276e-05
951.0,J2,0,0,0,0.0,0.0,7.497666373843141e-05
951.0,J3,0,0,0,0.0,0.0,2.7463421361080638e-05
952.0,J2,0,0,0,0.0,0.0,7.493823363661794e-05
952.0,J3,0,0,0,0.0,0.0,2.7442385410344e-05
953.0,J2,0,0,0,0.0,0.0,7.4921911487553e-05
953.0,J3,0,0,0,0.0,0.0,2.7432452056646915e-05
954.0,J2,0,0,0,0.0,0.0,7.49024140262445e-05
954.0,J3,0,0,0,0.0,0.0,2.7411518332704295e-05
955.0,J2,0,0,0,0.0,0.0,7.488706027369716e-05
955.0,J3,0,0,0,0.0,0.0,2.740944044177616e-05
956.0,J2,0,0,0,0.0,0.0,7.486098492444024e-05
956.0,J3,0,0,0,0.0,0.0,2.738752847212266e-05
957.0,J2,0,0,0,0.0,0.0,7.483406987699084e-05
957.0,J3,0,0,0,0.0,0.0,2.7365339387803983e-05
958.0,J2,0,0,0,0.0,0.0,7.479727903030564e-05
958.0,J3,0,0,0,0.0,0.0,2.7358508744798233e-05
959.0,J2,0,0,0,0.0,0.0,7.47755189826789e-05
959.0,J3,0,0,0,0.0,0.0,2.7336892106622875e-05
960.0,J2,0,0,0,0.0,0.0,7.475116195311713e-05
960.0,J3,0,0,0,0.0,0.0,2.7329186322929167e-05
961.0,J2,0,0,0,0.0,0.0,7.472721568747961e-05
961.0,J3,0,0,0,0.0,0.0,2.7321627445026614e-05
962.0,J2,0,0,0,0.0,0.0,7.46873443594038e-05
962.0,J3,0,0,0,0.0,0.0,2.7315006788228215e-05
963.0,J2,0,0,0,0.0,0.0,7.466899544364106e-05
963.0,J3,0,0,0,0.0,0.0,2.7298403898569363e-05
964.0,J2,0,0,0,0.0,0.0,7.46472045934196e-05
964.0,J3,0,0,0,0.0,0.0,2.7296664693344515e-05
965.0,J2,0,0,0,0.0,0.0,7.461497328162134e-05
965.0,J3,0,0,0,0.0,0.0,2.7291426031276372e-05
966.0,J2,0,0,0,0.0,0.0,7.458086712715144e-05
966.0,J3,0,0,0,0.0,0.0,2.7289199765321705e-05
967.0,J2,0,0,0,0.0,0.0,7.456352026777058e-05
967.0,J3,0,0,0,0.0,0.0,2.7270641328732584e-05
968.0,J2,0,0,0,0.0,0.0,7.454570428710167e-05
968.0,J3,0,0,0,0.0,0.0,2.7255663748750596e-05
969.0,J2,0,0,0,0.0,0.0,7.451270764391328e-05
969.0,J3,0,0,0,0.0,0.0,2.7250109272425342e-05
970.0,J2,0,0,0,0.0,0.0,7.448774584760631e-05
970.0,J3,0,0,0,0.0,0.0,2.7227538099576736e-05
971.0,J2,0,0,0,0.0,0.0,7.446799408140381e-05
971.0,J3,0,0,0,0.0,0.0,2.72251585717524e-05
972.0,J2,0,0,0,0.0,0.0,7.443575644160742e-05
972.0,J3,0,0,0,0.0,0.0,2.7216210174732922e-05
973.0,J2,0,0,0,0.0,0.0,7.44016264588378e-05
973.0,J3,0,0,0,0.0,0.0,2.72102405191762e-05
974.0,J2,0,0,0,0.0,0.0,7.43819780709963e-05
974.0,J3,0,0,0,0.0,0.0,2.7202897261768006e-05
975.0,J2,0,0,0,0.0,0.0,7.434309979463954e-05
975.0,J3,0,0,0,0.0,0.0,2.7198800415151676e-05
976.0,J2,0,0,0,0.0,0.0,7.430909105434147e-05
976.0,J3,0,0,0,0.0,0.0,2.7192831057982027e-05
977.0,J2,0,0,0,0.0,0.0,7.428591589457569e-05
977.0,J3,0,0,0,0.0,0.0,2.7172317000036426e-05
978.0,J2,0,0,0,0.0,0.0,7.426960519086685e-05
978.0,J3,0,0,0,0.0,0.0,2.717110015027845e-05
979.0,J2,0,0,0,0.0,0.0,7.426503579837995e-05
979.0,J3,0,0,0,0.0,0.0,2.717286539793108e-05
980.0,J2,0,0,0,0.0,0.0,7.42043798415971e-05
980.0,J3,0,0,0,0.0,0.0,2.715182911191756e-05
981.0,J2,0,0,0,0.0,0.0,7.418525562655096e-05
981.0,J3,0,0,0,0.0,0.0,2.7130229695137327e-05
982.0,J2,0,0,0,0.0,0.0,7.417085607551319e-05
982.0,J3,0,0,0,0.0,0.0,2.7128390260763164e-05
983.0,J2,0,0,0,0.0,0.0,7.415530276414889e-05
983.0,J3,0,0,0,0.0,0.0,2.712253807727655e-05
984.0,J2,0,0,0,0.0,0.0,7.414143828407243e-05
984.0,J3,0,0,0,0.0,0.0,2.7120877975793624e-05
985.0,J2,0,0,0,0.0,0.0,7.412398904913385e-05
985.0,J3,0,0,0,0.0,0.0,2.710261298565889e-05
986.0,J2,0,0,0,0.0,0.0,7.410594169088293e-05
986.0,J3,0,0,0,0.0,0.0,2.709716374445632e-05
987.0,J2,0,0,0,0.0,0.0,7.408757282774956e-05
987.0,J3,0,0,0,0.0,0.0,2.7077282686487772e-05
988.0,J2,0,0,0,0.0,0.0,7.406203366190358e-05
988.0,J3,0,0,0,0.0,0.0,2.7056143545290478e-05
989.0,J2,0,0,0,0.0,0.0,7.4039961524057e-05
989.0,J3,0,0,0,0.0,0.0,2.7034976686650497e-05
990.0,J2,0,0,0,0.0,0.0,7.402582801480876e-05
990.0,J3,0,0,0,0.0,0.0,2.7012827907310306e-05
991.0,J2,0,0,0,0.0,0.0,7.400744521376683e-05
991.0,J3,0,0,0,0.0,0.0,2.699309182927759e-05
992.0,J2,0,0,0,0.0,0.0,7.398896302091849e-05
992.0,J3,0,0,0,0.0,0.0,2.6988854722795222e-05
993.0,J2,0,0,0,0.0,0.0,7.39681542775884e-05
993.0,J3,0,0,0,0.0,0.0,2.6982450042890202e-05
994.0,J2,0,0,0,0.0,0.0,7.394489868259969e-05
994.0,J3,0,0,0,0.0,0.0,2.697649392139244e-05
995.0,J2,0,0,0,0.0,0.0,7.392643605634741e-05
995.0,J3,0,0,0,0.0,0.0,2.6958074336727073e-05
996.0,J2,0,0,0,0.0,0.0,7.390731419345188e-05
996.0,J3,0,0,0,0.0,0.0,2.6953596592601307e-05
997.0,J2,0,0,0,0.0,0.0,7.389117323126705e-05
997.0,J3,0,0,0,0.0,0.0,2.6944101153758636e-05
998.0,J2,0,0,0,0.0,0.0,7.386907820839258e-05
998.0,J3,0,0,0,0.0,0.0,2.692441003461013e-05
999.0,J2,0,0,0,0.0,0.0,7.384293869832978e-05
999.0,J3,0,0,0,0.0,0.0,2.69234800162584e-05
1000.0,J2,0,0,0,0.0,0.0,7.383039772969556e-05
1000.0,J3,0,0,0,0.0,0.0,2.6908289709845185e-05
,0,0,0.0,0.0,6.518965123561227e-05
1000.0,J3,0,0,0,0.0,0.0,2.5123866769915506e-05
