timestamp,bs_id,vehicle_id,packet_type,size_bytes
78.0,J2,emergency_1,emergency_encrypted,656
79.0,J2,emergency_1,emergency_encrypted,656
80.0,J2,emergency_1,emergency_encrypted,656
81.0,J2,emergency_1,emergency_encrypted,656
82.0,J2,emergency_1,emergency_encrypted,656
83.0,J2,emergency_1,emergency_encrypted,656
83.0,J2,emergency_2,emergency_encrypted,656
84.0,J2,emergency_1,emergency_encrypted,656
84.0,J2,emergency_2,emergency_encrypted,656
85.0,J2,emergency_1,emergency_encrypted,656
85.0,J2,emergency_2,emergency_encrypted,656
86.0,J2,emergency_1,emergency_encrypted,656
86.0,J2,emergency_2,emergency_encrypted,656
87.0,J2,emergency_1,emergency_encrypted,656
87.0,J2,emergency_2,emergency_encrypted,656
87.0,J3,emergency_3,emergency_encrypted,656
88.0,J2,emergency_1,emergency_encrypted,656
88.0,J2,emergency_2,emergency_encrypted,656
88.0,J3,emergency_3,emergency_encrypted,660
89.0,J2,emergency_1,emergency_encrypted,656
89.0,J2,emergency_2,emergency_encrypted,652
89.0,J3,emergency_3,emergency_encrypted,656
90.0,J2,emergency_1,emergency_encrypted,656
90.0,J2,emergency_2,emergency_encrypted,656
90.0,J3,emergency_3,emergency_encrypted,660
91.0,J2,emergency_1,emergency_encrypted,660
91.0,J2,emergency_2,emergency_encrypted,656
91.0,J3,emergency_3,emergency_encrypted,656
92.0,J2,emergency_1,emergency_encrypted,660
92.0,J2,emergency_2,emergency_encrypted,656
92.0,J3,emergency_3,emergency_encrypted,660
93.0,J2,emergency_1,emergency_encrypted,660
93.0,J2,emergency_2,emergency_encrypted,656
93.0,J3,emergency_3,emergency_encrypted,660
94.0,J2,emergency_1,emergency_encrypted,636
94.0,J2,emergency_2,emergency_encrypted,656
94.0,J3,emergency_3,emergency_encrypted,656
95.0,J2,emergency_1,emergency_encrypted,636
95.0,J2,emergency_2,emergency_encrypted,656
95.0,J3,emergency_3,emergency_encrypted,656
96.0,J2,emergency_1,emergency_encrypted,636
96.0,J2,emergency_2,emergency_encrypted,656
96.0,J3,emergency_3,emergency_encrypted,656
97.0,J2,emergency_1,emergency_encrypted,636
97.0,J2,emergency_2,emergency_encrypted,656
97.0,J3,emergency_3,emergency_encrypted,656
98.0,J2,emergency_1,emergency_encrypted,636
98.0,J2,emergency_2,emergency_encrypted,656
98.0,J3,emergency_3,emergency_encrypted,656
99.0,J2,emergency_1,emergency_encrypted,636
99.0,J2,emergency_2,emergency_encrypted,656
99.0,J3,emergency_3,emergency_encrypted,656
100.0,J2,emergency_1,emergency_encrypted,636
100.0,J2,emergency_2,emergency_encrypted,656
100.0,J3,emergency_3,emergency_encrypted,660
101.0,J2,emergency_1,emergency_encrypted,636
101.0,J2,emergency_2,emergency_encrypted,656
101.0,J3,emergency_3,emergency_encrypted,660
102.0,J2,emergency_1,emergency_encrypted,636
102.0,J2,emergency_2,emergency_encrypted,656
102.0,J3,emergency_3,emergency_encrypted,660
103.0,J2,emergency_1,emergency_encrypted,636
103.0,J2,emergency_2,emergency_encrypted,656
103.0,J3,emergency_3,emergency_encrypted,660
104.0,J2,emergency_1,emergency_encrypted,656
104.0,J2,emergency_2,emergency_encrypted,656
104.0,J3,emergency_3,emergency_encrypted,656
105.0,J2,emergency_1,emergency_encrypted,656
105.0,J3,emergency_3,emergency_encrypted,660
106.0,J2,emergency_1,emergency_encrypted,656
106.0,J3,emergency_3,emergency_encrypted,656
107.0,J2,emergency_1,emergency_encrypted,656
108.0,J2,emergency_1,emergency_encrypted,656
109.0,J2,emergency_1,emergency_encrypted,656
110.0,J2,emergency_1,emergency_encrypted,656
111.0,J2,emergency_1,emergency_encrypted,656
112.0,J2,emergency_1,emergency_encrypted,656
113.0,J2,emergency_1,emergency_encrypted,656
114.0,J2,emergency_1,emergency_encrypted,656
115.0,J2,emergency_1,emergency_encrypted,656
116.0,J2,emergency_1,emergency_encrypted,656
131.0,J3,emergency_1,emergency_encrypted,652
132.0,J3,emergency_1,emergency_encrypted,656
133.0,J3,emergency_1,emergency_encrypted,656
134.0,J3,emergency_1,emergency_encrypted,656
135.0,J3,emergency_1,emergency_encrypted,656
136.0,J3,emergency_1,emergency_encrypted,656
137.0,J3,emergency_1,emergency_encrypted,656
138.0,J3,emergency_1,emergency_encrypted,656
139.0,J3,emergency_1,emergency_encrypted,656
140.0,J3,emergency_1,emergency_encrypted,656
141.0,J3,emergency_1,emergency_encrypted,656
142.0,J3,emergency_1,emergency_encrypted,660
143.0,J3,emergency_1,emergency_encrypted,660
144.0,J3,emergency_1,emergency_encrypted,660
145.0,J3,emergency_1,emergency_encrypted,656
146.0,J3,emergency_1,emergency_encrypted,656
147.0,J3,emergency_1,emergency_encrypted,656
147.0,J2,emergency_4,emergency_encrypted,656
148.0,J3,emergency_1,emergency_encrypted,656
148.0,J2,emergency_4,emergency_encrypted,656
149.0,J3,emergency_1,emergency_encrypted,660
149.0,J2,emergency_4,emergency_encrypted,660
150.0,J3,emergency_1,emergency_encrypted,656
150.0,J2,emergency_4,emergency_encrypted,656
151.0,J3,emergency_1,emergency_encrypted,660
151.0,J2,emergency_4,emergency_encrypted,660
152.0,J3,emergency_1,emergency_encrypted,660
152.0,J2,emergency_4,emergency_encrypted,656
153.0,J2,emergency_4,emergency_encrypted,660
154.0,J2,emergency_4,emergency_encrypted,660
154.0,J2,emergency_5,emergency_encrypted,660
155.0,J2,emergency_4,emergency_encrypted,656
155.0,J2,emergency_5,emergency_encrypted,660
156.0,J2,emergency_4,emergency_encrypted,656
156.0,J2,emergency_5,emergency_encrypted,656
157.0,J2,emergency_4,emergency_encrypted,656
157.0,J2,emergency_5,emergency_encrypted,656
158.0,J2,emergency_4,emergency_encrypted,656
158.0,J2,emergency_5,emergency_encrypted,660
159.0,J2,emergency_4,emergency_encrypted,660
159.0,J2,emergency_5,emergency_encrypted,660
160.0,J2,emergency_4,emergency_encrypted,660
160.0,J2,emergency_5,emergency_encrypted,656
161.0,J2,emergency_4,emergency_encrypted,640
161.0,J2,emergency_5,emergency_encrypted,656
162.0,J2,emergency_4,emergency_encrypted,640
162.0,J2,emergency_5,emergency_encrypted,656
163.0,J2,emergency_4,emergency_encrypted,640
163.0,J2,emergency_5,emergency_encrypted,660
164.0,J2,emergency_4,emergency_encrypted,640
164.0,J2,emergency_5,emergency_encrypted,660
165.0,J2,emergency_4,emergency_encrypted,640
165.0,J2,emergency_5,emergency_encrypted,656
166.0,J2,emergency_4,emergency_encrypted,640
166.0,J2,emergency_5,emergency_encrypted,656
167.0,J2,emergency_4,emergency_encrypted,640
167.0,J2,emergency_5,emergency_encrypted,656
168.0,J2,emergency_4,emergency_encrypted,640
168.0,J2,emergency_5,emergency_encrypted,656
169.0,J2,emergency_4,emergency_encrypted,640
169.0,J2,emergency_5,emergency_encrypted,656
170.0,J2,emergency_4,emergency_encrypted,640
170.0,J2,emergency_5,emergency_encrypted,656
171.0,J2,emergency_4,emergency_encrypted,640
171.0,J2,emergency_5,emergency_encrypted,656
172.0,J2,emergency_4,emergency_encrypted,640
172.0,J2,emergency_5,emergency_encrypted,656
173.0,J2,emergency_4,emergency_encrypted,640
173.0,J2,emergency_5,emergency_encrypted,656
174.0,J2,emergency_4,emergency_encrypted,640
174.0,J2,emergency_5,emergency_encrypted,656
175.0,J2,emergency_4,emergency_encrypted,640
175.0,J2,emergency_5,emergency_encrypted,656
176.0,J2,emergency_4,emergency_encrypted,656
177.0,J2,emergency_4,emergency_encrypted,656
178.0,J2,emergency_4,emergency_encrypted,656
179.0,J2,emergency_4,emergency_encrypted,656
180.0,J2,emergency_4,emergency_encrypted,656
181.0,J2,emergency_4,emergency_encrypted,656
182.0,J2,emergency_4,emergency_encrypted,656
183.0,J2,emergency_4,emergency_encrypted,656
183.0,J2,emergency_flow.0,emergency_encrypted,664
184.0,J2,emergency_4,emergency_encrypted,652
184.0,J2,emergency_flow.0,emergency_encrypted,664
185.0,J2,emergency_4,emergency_encrypted,656
185.0,J2,emergency_flow.0,emergency_encrypted,664
186.0,J2,emergency_4,emergency_encrypted,656
186.0,J2,emergency_flow.0,emergency_encrypted,664
187.0,J2,emergency_4,emergency_encrypted,656
187.0,J2,emergency_flow.0,emergency_encrypted,664
188.0,J2,emergency_flow.0,emergency_encrypted,664
189.0,J2,emergency_flow.0,emergency_encrypted,664
190.0,J2,emergency_flow.0,emergency_encrypted,664
191.0,J2,emergency_flow.0,emergency_encrypted,664
192.0,J2,emergency_flow.0,emergency_encrypted,664
193.0,J2,emergency_flow.0,emergency_encrypted,664
194.0,J2,emergency_flow.0,emergency_encrypted,664
195.0,J2,emergency_flow.0,emergency_encrypted,664
196.0,J2,emergency_flow.0,emergency_encrypted,664
197.0,J2,emergency_flow.0,emergency_encrypted,664
198.0,J2,emergency_flow.0,emergency_encrypted,664
199.0,J2,emergency_flow.0,emergency_encrypted,664
200.0,J2,emergency_flow.0,emergency_encrypted,664
201.0,J2,emergency_flow.0,emergency_encrypted,664
202.0,J3,emergency_4,emergency_encrypted,652
202.0,J2,emergency_flow.0,emergency_encrypted,664
203.0,J3,emergency_4,emergency_encrypted,656
203.0,J2,emergency_flow.0,emergency_encrypted,664
204.0,J3,emergency_4,emergency_encrypted,656
204.0,J2,emergency_flow.0,emergency_encrypted,664
205.0,J3,emergency_4,emergency_encrypted,656
205.0,J2,emergency_flow.0,emergency_encrypted,664
206.0,J3,emergency_4,emergency_encrypted,656
206.0,J2,emergency_flow.0,emergency_encrypted,664
207.0,J3,emergency_4,emergency_encrypted,656
207.0,J2,emergency_flow.0,emergency_encrypted,664
208.0,J3,emergency_4,emergency_encrypted,656
208.0,J2,emergency_flow.0,emergency_encrypted,664
209.0,J3,emergency_4,emergency_encrypted,656
209.0,J2,emergency_flow.0,emergency_encrypted,660
210.0,J3,emergency_4,emergency_encrypted,656
211.0,J3,emergency_4,emergency_encrypted,656
212.0,J3,emergency_4,emergency_encrypted,660
213.0,J3,emergency_4,emergency_encrypted,660
214.0,J3,emergency_4,emergency_encrypted,656
215.0,J3,emergency_4,emergency_encrypted,660
215.0,J2,emergency_6,emergency_encrypted,656
216.0,J3,emergency_4,emergency_encrypted,656
216.0,J2,emergency_6,emergency_encrypted,660
217.0,J3,emergency_4,emergency_encrypted,660
217.0,J2,emergency_6,emergency_encrypted,660
218.0,J3,emergency_4,emergency_encrypted,660
218.0,J2,emergency_6,emergency_encrypted,656
219.0,J3,emergency_4,emergency_encrypted,660
219.0,J2,emergency_6,emergency_encrypted,656
220.0,J3,emergency_4,emergency_encrypted,656
220.0,J2,emergency_6,emergency_encrypted,656
221.0,J3,emergency_4,emergency_encrypted,660
221.0,J2,emergency_6,emergency_encrypted,656
222.0,J2,emergency_6,emergency_encrypted,656
223.0,J2,emergency_6,emergency_encrypted,656
224.0,J2,emergency_6,emergency_encrypted,660
225.0,J2,emergency_6,emergency_encrypted,656
226.0,J2,emergency_6,emergency_encrypted,660
227.0,J2,emergency_6,emergency_encrypted,660
228.0,J2,emergency_6,emergency_encrypted,656
228.0,J3,emergency_flow.0,emergency_encrypted,664
229.0,J2,emergency_6,emergency_encrypted,660
229.0,J2,emergency_7,emergency_encrypted,656
229.0,J3,emergency_flow.0,emergency_encrypted,664
230.0,J2,emergency_6,emergency_encrypted,656
230.0,J2,emergency_7,emergency_encrypted,656
230.0,J3,emergency_flow.0,emergency_encrypted,664
231.0,J2,emergency_6,emergency_encrypted,656
231.0,J2,emergency_7,emergency_encrypted,660
231.0,J3,emergency_flow.0,emergency_encrypted,664
232.0,J2,emergency_6,emergency_encrypted,656
232.0,J2,emergency_7,emergency_encrypted,656
232.0,J3,emergency_flow.0,emergency_encrypted,664
233.0,J2,emergency_6,emergency_encrypted,656
233.0,J2,emergency_7,emergency_encrypted,660
233.0,J3,emergency_flow.0,emergency_encrypted,664
234.0,J2,emergency_6,emergency_encrypted,656
234.0,J2,emergency_7,emergency_encrypted,656
234.0,J3,emergency_flow.0,emergency_encrypted,664
235.0,J2,emergency_6,emergency_encrypted,656
235.0,J2,emergency_7,emergency_encrypted,660
235.0,J3,emergency_flow.0,emergency_encrypted,664
236.0,J2,emergency_6,emergency_encrypted,656
236.0,J2,emergency_7,emergency_encrypted,656
236.0,J3,emergency_flow.0,emergency_encrypted,664
237.0,J2,emergency_6,emergency_encrypted,656
237.0,J2,emergency_7,emergency_encrypted,656
237.0,J3,emergency_flow.0,emergency_encrypted,664
238.0,J2,emergency_6,emergency_encrypted,656
238.0,J2,emergency_7,emergency_encrypted,656
238.0,J3,emergency_flow.0,emergency_encrypted,664
239.0,J2,emergency_6,emergency_encrypted,656
239.0,J2,emergency_7,emergency_encrypted,656
239.0,J3,emergency_flow.0,emergency_encrypted,664
240.0,J2,emergency_6,emergency_encrypted,656
240.0,J2,emergency_7,emergency_encrypted,656
240.0,J3,emergency_flow.0,emergency_encrypted,664
241.0,J2,emergency_6,emergency_encrypted,656
241.0,J2,emergency_7,emergency_encrypted,656
241.0,J3,emergency_flow.0,emergency_encrypted,664
242.0,J2,emergency_6,emergency_encrypted,656
242.0,J2,emergency_7,emergency_encrypted,656
242.0,J3,emergency_flow.0,emergency_encrypted,664
243.0,J2,emergency_7,emergency_encrypted,656
243.0,J3,emergency_flow.0,emergency_encrypted,664
244.0,J2,emergency_7,emergency_encrypted,656
244.0,J3,emergency_flow.0,emergency_encrypted,664
245.0,J2,emergency_7,emergency_encrypted,656
245.0,J3,emergency_flow.0,emergency_encrypted,664
246.0,J2,emergency_7,emergency_encrypted,656
246.0,J3,emergency_flow.0,emergency_encrypted,664
247.0,J2,emergency_7,emergency_encrypted,656
247.0,J3,emergency_flow.0,emergency_encrypted,664
248.0,J2,emergency_7,emergency_encrypted,656
248.0,J3,emergency_flow.0,emergency_encrypted,664
249.0,J2,emergency_7,emergency_encrypted,656
249.0,J3,emergency_flow.0,emergency_encrypted,664
250.0,J2,emergency_7,emergency_encrypted,656
250.0,J3,emergency_flow.0,emergency_encrypted,664
250.0,J2,emergency_flow_ns.0,emergency_encrypted,664
251.0,J3,emergency_flow.0,emergency_encrypted,664
251.0,J2,emergency_flow_ns.0,emergency_encrypted,668
252.0,J3,emergency_flow.0,emergency_encrypted,664
252.0,J2,emergency_flow_ns.0,emergency_encrypted,668
253.0,J3,emergency_flow.0,emergency_encrypted,664
253.0,J2,emergency_flow_ns.0,emergency_encrypted,668
254.0,J3,emergency_flow.0,emergency_encrypted,664
254.0,J2,emergency_flow_ns.0,emergency_encrypted,668
255.0,J2,emergency_flow_ns.0,emergency_encrypted,668
256.0,J2,emergency_flow_ns.0,emergency_encrypted,668
257.0,J2,emergency_flow_ns.0,emergency_encrypted,668
258.0,J2,emergency_flow_ns.0,emergency_encrypted,668
259.0,J2,emergency_flow_ns.0,emergency_encrypted,668
260.0,J2,emergency_flow_ns.0,emergency_encrypted,668
261.0,J2,emergency_flow_ns.0,emergency_encrypted,668
262.0,J3,emergency_6,emergency_encrypted,656
262.0,J2,emergency_flow_ns.0,emergency_encrypted,668
263.0,J3,emergency_6,emergency_encrypted,656
263.0,J2,emergency_flow_ns.0,emergency_encrypted,668
264.0,J3,emergency_6,emergency_encrypted,656
264.0,J2,emergency_flow_ns.0,emergency_encrypted,668
265.0,J3,emergency_6,emergency_encrypted,656
265.0,J2,emergency_flow_ns.0,emergency_encrypted,668
266.0,J3,emergency_6,emergency_encrypted,656
266.0,J2,emergency_flow_ns.0,emergency_encrypted,668
267.0,J3,emergency_6,emergency_encrypted,656
267.0,J2,emergency_flow_ns.0,emergency_encrypted,668
268.0,J3,emergency_6,emergency_encrypted,656
268.0,J2,emergency_flow_ns.0,emergency_encrypted,668
269.0,J3,emergency_6,emergency_encrypted,656
269.0,J2,emergency_flow_ns.0,emergency_encrypted,668
270.0,J3,emergency_6,emergency_encrypted,656
270.0,J2,emergency_flow_ns.0,emergency_encrypted,668
271.0,J3,emergency_6,emergency_encrypted,656
271.0,J2,emergency_flow_ns.0,emergency_encrypted,668
272.0,J3,emergency_6,emergency_encrypted,656
272.0,J2,emergency_flow_ns.0,emergency_encrypted,668
273.0,J3,emergency_6,emergency_encrypted,656
273.0,J2,emergency_flow_ns.0,emergency_encrypted,668
274.0,J3,emergency_6,emergency_encrypted,656
274.0,J2,emergency_flow_ns.0,emergency_encrypted,668
275.0,J3,emergency_6,emergency_encrypted,660
275.0,J2,emergency_flow_ns.0,emergency_encrypted,668
276.0,J3,emergency_6,emergency_encrypted,660
277.0,J3,emergency_6,emergency_encrypted,660
278.0,J3,emergency_6,emergency_encrypted,660
279.0,J3,emergency_6,emergency_encrypted,660
280.0,J3,emergency_6,emergency_encrypted,656
280.0,J3,emergency_8,emergency_encrypted,660
281.0,J3,emergency_6,emergency_encrypted,660
281.0,J3,emergency_8,emergency_encrypted,660
282.0,J3,emergency_6,emergency_encrypted,660
282.0,J3,emergency_8,emergency_encrypted,656
283.0,J3,emergency_6,emergency_encrypted,660
283.0,J3,emergency_8,emergency_encrypted,660
284.0,J3,emergency_6,emergency_encrypted,660
284.0,J3,emergency_8,emergency_encrypted,660
285.0,J3,emergency_6,emergency_encrypted,656
285.0,J3,emergency_8,emergency_encrypted,660
286.0,J3,emergency_6,emergency_encrypted,660
286.0,J3,emergency_8,emergency_encrypted,660
287.0,J3,emergency_6,emergency_encrypted,660
287.0,J3,emergency_8,emergency_encrypted,660
288.0,J3,emergency_6,emergency_encrypted,660
288.0,J3,emergency_8,emergency_encrypted,660
289.0,J3,emergency_8,emergency_encrypted,660
290.0,J3,emergency_8,emergency_encrypted,660
291.0,J3,emergency_8,emergency_encrypted,656
292.0,J3,emergency_8,emergency_encrypted,656
293.0,J3,emergency_8,emergency_encrypted,660
294.0,J3,emergency_8,emergency_encrypted,660
295.0,J3,emergency_8,emergency_encrypted,660
296.0,J3,emergency_8,emergency_encrypted,656
297.0,J3,emergency_8,emergency_encrypted,660
298.0,J3,emergency_8,emergency_encrypted,660
299.0,J3,emergency_8,emergency_encrypted,660
300.0,J3,emergency_8,emergency_encrypted,660
301.0,J3,emergency_8,emergency_encrypted,656
302.0,J3,emergency_8,emergency_encrypted,656
327.0,J2,emergency_9,emergency_encrypted,660
328.0,J2,emergency_9,emergency_encrypted,656
329.0,J2,emergency_9,emergency_encrypted,656
330.0,J2,emergency_9,emergency_encrypted,660
331.0,J2,emergency_9,emergency_encrypted,656
332.0,J2,emergency_9,emergency_encrypted,660
333.0,J2,emergency_9,emergency_encrypted,656
334.0,J2,emergency_9,emergency_encrypted,656
335.0,J2,emergency_9,emergency_encrypted,656
336.0,J2,emergency_9,emergency_encrypted,660
337.0,J2,emergency_9,emergency_encrypted,660
338.0,J2,emergency_9,emergency_encrypted,652
339.0,J2,emergency_9,emergency_encrypted,656
340.0,J2,emergency_9,emergency_encrypted,656
341.0,J2,emergency_9,emergency_encrypted,656
342.0,J2,emergency_9,emergency_encrypted,656
343.0,J2,emergency_9,emergency_encrypted,656
344.0,J2,emergency_9,emergency_encrypted,656
345.0,J2,emergency_9,emergency_encrypted,656
346.0,J2,emergency_9,emergency_encrypted,656
347.0,J2,emergency_9,emergency_encrypted,656
359.0,J2,emergency_flow.1,emergency_encrypted,660
360.0,J2,emergency_flow.1,emergency_encrypted,664
361.0,J2,emergency_flow.1,emergency_encrypted,664
362.0,J2,emergency_flow.1,emergency_encrypted,664
363.0,J2,emergency_flow.1,emergency_encrypted,664
364.0,J2,emergency_flow.1,emergency_encrypted,664
365.0,J3,emergency_9,emergency_encrypted,656
365.0,J2,emergency_flow.1,emergency_encrypted,664
366.0,J3,emergency_9,emergency_encrypted,656
366.0,J2,emergency_flow.1,emergency_encrypted,664
367.0,J3,emergency_9,emergency_encrypted,656
367.0,J2,emergency_flow.1,emergency_encrypted,664
368.0,J3,emergency_9,emergency_encrypted,656
368.0,J2,emergency_flow.1,emergency_encrypted,664
369.0,J3,emergency_9,emergency_encrypted,656
369.0,J2,emergency_flow.1,emergency_encrypted,664
370.0,J3,emergency_9,emergency_encrypted,656
370.0,J2,emergency_flow.1,emergency_encrypted,664
371.0,J3,emergency_9,emergency_encrypted,656
371.0,J2,emergency_flow.1,emergency_encrypted,664
372.0,J3,emergency_9,emergency_encrypted,656
372.0,J2,emergency_flow.1,emergency_encrypted,664
373.0,J3,emergency_9,emergency_encrypted,656
373.0,J2,emergency_flow.1,emergency_encrypted,664
374.0,J3,emergency_9,emergency_encrypted,652
374.0,J2,emergency_flow.1,emergency_encrypted,664
375.0,J3,emergency_9,emergency_encrypted,656
375.0,J2,emergency_flow.1,emergency_encrypted,664
376.0,J3,emergency_9,emergency_encrypted,656
376.0,J2,emergency_flow.1,emergency_encrypted,664
377.0,J3,emergency_9,emergency_encrypted,656
377.0,J2,emergency_flow.1,emergency_encrypted,664
378.0,J3,emergency_9,emergency_encrypted,660
378.0,J2,emergency_flow.1,emergency_encrypted,664
379.0,J3,emergency_9,emergency_encrypted,660
379.0,J2,emergency_flow.1,emergency_encrypted,664
380.0,J3,emergency_9,emergency_encrypted,660
380.0,J2,emergency_flow.1,emergency_encrypted,664
381.0,J3,emergency_9,emergency_encrypted,660
381.0,J2,emergency_flow.1,emergency_encrypted,664
382.0,J3,emergency_9,emergency_encrypted,656
382.0,J2,emergency_flow.1,emergency_encrypted,664
383.0,J2,emergency_10,emergency_encrypted,656
383.0,J3,emergency_9,emergency_encrypted,660
384.0,J2,emergency_10,emergency_encrypted,660
384.0,J3,emergency_9,emergency_encrypted,660
385.0,J2,emergency_10,emergency_encrypted,660
385.0,J3,emergency_9,emergency_encrypted,660
386.0,J2,emergency_10,emergency_encrypted,660
386.0,J3,emergency_9,emergency_encrypted,656
387.0,J2,emergency_10,emergency_encrypted,660
387.0,J3,emergency_9,emergency_encrypted,660
388.0,J2,emergency_10,emergency_encrypted,656
388.0,J3,emergency_9,emergency_encrypted,660
389.0,J2,emergency_10,emergency_encrypted,660
390.0,J2,emergency_10,emergency_encrypted,656
391.0,J2,emergency_10,emergency_encrypted,660
392.0,J2,emergency_10,emergency_encrypted,660
393.0,J2,emergency_10,emergency_encrypted,656
394.0,J2,emergency_10,emergency_encrypted,660
395.0,J2,emergency_10,emergency_encrypted,660
396.0,J2,emergency_10,emergency_encrypted,660
397.0,J2,emergency_10,emergency_encrypted,656
398.0,J2,emergency_10,emergency_encrypted,660
399.0,J2,emergency_10,emergency_encrypted,656
399.0,J3,emergency_flow.1,emergency_encrypted,664
400.0,J2,emergency_10,emergency_encrypted,660
400.0,J3,emergency_flow.1,emergency_encrypted,664
401.0,J2,emergency_10,emergency_encrypted,660
401.0,J3,emergency_flow.1,emergency_encrypted,664
402.0,J2,emergency_10,emergency_encrypted,660
402.0,J3,emergency_flow.1,emergency_encrypted,664
403.0,J2,emergency_10,emergency_encrypted,660
403.0,J3,emergency_flow.1,emergency_encrypted,664
404.0,J2,emergency_10,emergency_encrypted,660
404.0,J3,emergency_flow.1,emergency_encrypted,664
405.0,J2,emergency_10,emergency_encrypted,660
405.0,J3,emergency_flow.1,emergency_encrypted,664
406.0,J2,emergency_10,emergency_encrypted,660
406.0,J3,emergency_flow.1,emergency_encrypted,664
407.0,J2,emergency_10,emergency_encrypted,660
407.0,J3,emergency_flow.1,emergency_encrypted,664
408.0,J3,emergency_flow.1,emergency_encrypted,664
409.0,J3,emergency_flow.1,emergency_encrypted,664
410.0,J3,emergency_flow.1,emergency_encrypted,660
411.0,J3,emergency_flow.1,emergency_encrypted,664
412.0,J3,emergency_flow.1,emergency_encrypted,664
413.0,J3,emergency_flow.1,emergency_encrypted,664
414.0,J3,emergency_flow.1,emergency_encrypted,664
415.0,J3,emergency_flow.1,emergency_encrypted,664
416.0,J3,emergency_flow.1,emergency_encrypted,664
417.0,J3,emergency_flow.1,emergency_encrypted,664
418.0,J3,emergency_flow.1,emergency_encrypted,664
419.0,J3,emergency_flow.1,emergency_encrypted,664
420.0,J3,emergency_flow.1,emergency_encrypted,664
421.0,J3,emergency_flow.1,emergency_encrypted,664
487.0,J2,emergency_flow_ns.1,emergency_encrypted,668
488.0,J2,emergency_flow_ns.1,emergency_encrypted,668
489.0,J2,emergency_flow_ns.1,emergency_encrypted,668
490.0,J2,emergency_flow_ns.1,emergency_encrypted,668
491.0,J2,emergency_flow_ns.1,emergency_encrypted,668
492.0,J2,emergency_flow_ns.1,emergency_encrypted,668
493.0,J2,emergency_flow_ns.1,emergency_encrypted,668
494.0,J2,emergency_flow_ns.1,emergency_encrypted,668
495.0,J2,emergency_flow_ns.1,emergency_encrypted,668
496.0,J2,emergency_flow_ns.1,emergency_encrypted,668
497.0,J2,emergency_flow_ns.1,emergency_encrypted,668
498.0,J2,emergency_flow_ns.1,emergency_encrypted,668
499.0,J2,emergency_flow_ns.1,emergency_encrypted,668
500.0,J2,emergency_flow_ns.1,emergency_encrypted,668
501.0,J2,emergency_flow_ns.1,emergency_encrypted,668
502.0,J2,emergency_flow_ns.1,emergency_encrypted,668
503.0,J2,emergency_flow_ns.1,emergency_encrypted,668
504.0,J2,emergency_flow_ns.1,emergency_encrypted,668
505.0,J2,emergency_flow_ns.1,emergency_encrypted,668
506.0,J2,emergency_flow_ns.1,emergency_encrypted,668
507.0,J2,emergency_flow_ns.1,emergency_encrypted,668
508.0,J2,emergency_flow_ns.1,emergency_encrypted,668
509.0,J2,emergency_flow_ns.1,emergency_encrypted,668
534.0,J2,emergency_flow.2,emergency_encrypted,664
535.0,J2,emergency_flow.2,emergency_encrypted,664
536.0,J2,emergency_flow.2,emergency_encrypted,664
537.0,J2,emergency_flow.2,emergency_encrypted,664
538.0,J2,emergency_flow.2,emergency_encrypted,664
539.0,J2,emergency_flow.2,emergency_encrypted,664
540.0,J2,emergency_flow.2,emergency_encrypted,664
541.0,J2,emergency_flow.2,emergency_encrypted,664
542.0,J2,emergency_flow.2,emergency_encrypted,664
543.0,J2,emergency_flow.2,emergency_encrypted,664
544.0,J2,emergency_flow.2,emergency_encrypted,664
545.0,J2,emergency_flow.2,emergency_encrypted,664
546.0,J2,emergency_flow.2,emergency_encrypted,664
547.0,J2,emergency_flow.2,emergency_encrypted,660
548.0,J2,emergency_flow.2,emergency_encrypted,664
549.0,J2,emergency_flow.2,emergency_encrypted,664
550.0,J2,emergency_flow.2,emergency_encrypted,664
551.0,J2,emergency_flow.2,emergency_encrypted,664
552.0,J2,emergency_flow.2,emergency_encrypted,664
553.0,J2,emergency_flow.2,emergency_encrypted,664
568.0,J3,emergency_flow.2,emergency_encrypted,660
569.0,J3,emergency_flow.2,emergency_encrypted,664
570.0,J3,emergency_flow.2,emergency_encrypted,664
571.0,J3,emergency_flow.2,emergency_encrypted,664
572.0,J3,emergency_flow.2,emergency_encrypted,660
573.0,J3,emergency_flow.2,emergency_encrypted,664
574.0,J3,emergency_flow.2,emergency_encrypted,664
575.0,J3,emergency_flow.2,emergency_encrypted,664
576.0,J3,emergency_flow.2,emergency_encrypted,664
577.0,J3,emergency_flow.2,emergency_encrypted,664
578.0,J3,emergency_flow.2,emergency_encrypted,664
579.0,J3,emergency_flow.2,emergency_encrypted,664
580.0,J3,emergency_flow.2,emergency_encrypted,664
581.0,J3,emergency_flow.2,emergency_encrypted,664
582.0,J3,emergency_flow.2,emergency_encrypted,664
583.0,J3,emergency_flow.2,emergency_encrypted,664
584.0,J3,emergency_flow.2,emergency_encrypted,664
585.0,J3,emergency_flow.2,emergency_encrypted,664
586.0,J3,emergency_flow.2,emergency_encrypted,664
587.0,J3,emergency_flow.2,emergency_encrypted,664
718.0,J2,emergency_flow.3,emergency_encrypted,664
719.0,J2,emergency_flow.3,emergency_encrypted,664
720.0,J2,emergency_flow.3,emergency_encrypted,664
721.0,J2,emergency_flow.3,emergency_encrypted,664
722.0,J2,emergency_flow.3,emergency_encrypted,664
723.0,J2,emergency_flow.3,emergency_encrypted,660
724.0,J2,emergency_flow.3,emergency_encrypted,664
725.0,J2,emergency_flow.3,emergency_encrypted,660
726.0,J2,emergency_flow.3,emergency_encrypted,664
727.0,J2,emergency_flow.3,emergency_encrypted,664
728.0,J2,emergency_flow.3,emergency_encrypted,664
729.0,J2,emergency_flow.3,emergency_encrypted,664
729.0,J2,emergency_flow_ns.2,emergency_encrypted,668
730.0,J2,emergency_flow.3,emergency_encrypted,628
730.0,J2,emergency_flow_ns.2,emergency_encrypted,668
731.0,J2,emergency_flow.3,emergency_encrypted,628
731.0,J2,emergency_flow_ns.2,emergency_encrypted,668
732.0,J2,emergency_flow.3,emergency_encrypted,628
732.0,J2,emergency_flow_ns.2,emergency_encrypted,668
733.0,J2,emergency_flow.3,emergency_encrypted,628
733.0,J2,emergency_flow_ns.2,emergency_encrypted,668
734.0,J2,emergency_flow.3,emergency_encrypted,628
734.0,J2,emergency_flow_ns.2,emergency_encrypted,668
735.0,J2,emergency_flow.3,emergency_encrypted,628
735.0,J2,emergency_flow_ns.2,emergency_encrypted,668
736.0,J2,emergency_flow.3,emergency_encrypted,628
736.0,J2,emergency_flow_ns.2,emergency_encrypted,668
737.0,J2,emergency_flow.3,emergency_encrypted,628
737.0,J2,emergency_flow_ns.2,emergency_encrypted,668
738.0,J2,emergency_flow.3,emergency_encrypted,628
738.0,J2,emergency_flow_ns.2,emergency_encrypted,668
739.0,J2,emergency_flow.3,emergency_encrypted,628
739.0,J2,emergency_flow_ns.2,emergency_encrypted,668
740.0,J2,emergency_flow.3,emergency_encrypted,628
740.0,J2,emergency_flow_ns.2,emergency_encrypted,668
741.0,J2,emergency_flow.3,emergency_encrypted,628
741.0,J2,emergency_flow_ns.2,emergency_encrypted,668
742.0,J2,emergency_flow.3,emergency_encrypted,628
742.0,J2,emergency_flow_ns.2,emergency_encrypted,668
743.0,J2,emergency_flow.3,emergency_encrypted,628
743.0,J2,emergency_flow_ns.2,emergency_encrypted,668
744.0,J2,emergency_flow.3,emergency_encrypted,628
744.0,J2,emergency_flow_ns.2,emergency_encrypted,668
745.0,J2,emergency_flow.3,emergency_encrypted,628
745.0,J2,emergency_flow_ns.2,emergency_encrypted,668
746.0,J2,emergency_flow.3,emergency_encrypted,628
746.0,J2,emergency_flow_ns.2,emergency_encrypted,668
747.0,J2,emergency_flow.3,emergency_encrypted,628
747.0,J2,emergency_flow_ns.2,emergency_encrypted,668
748.0,J2,emergency_flow.3,emergency_encrypted,628
748.0,J2,emergency_flow_ns.2,emergency_encrypted,668
749.0,J2,emergency_flow.3,emergency_encrypted,628
749.0,J2,emergency_flow_ns.2,emergency_encrypted,668
750.0,J2,emergency_flow.3,emergency_encrypted,628
750.0,J2,emergency_flow_ns.2,emergency_encrypted,668
751.0,J2,emergency_flow.3,emergency_encrypted,664
751.0,J2,emergency_flow_ns.2,emergency_encrypted,668
752.0,J2,emergency_flow.3,emergency_encrypted,664
752.0,J2,emergency_flow_ns.2,emergency_encrypted,668
753.0,J2,emergency_flow.3,emergency_encrypted,660
754.0,J2,emergency_flow.3,emergency_encrypted,664
755.0,J2,emergency_flow.3,emergency_encrypted,664
756.0,J2,emergency_flow.3,emergency_encrypted,664
757.0,J2,emergency_flow.3,emergency_encrypted,664
758.0,J2,emergency_flow.3,emergency_encrypted,664
759.0,J2,emergency_flow.3,emergency_encrypted,664
760.0,J2,emergency_flow.3,emergency_encrypted,664
761.0,J2,emergency_flow.3,emergency_encrypted,664
762.0,J2,emergency_flow.3,emergency_encrypted,664
763.0,J2,emergency_flow.3,emergency_encrypted,664
780.0,J3,emergency_flow.3,emergency_encrypted,664
781.0,J3,emergency_flow.3,emergency_encrypted,664
782.0,J3,emergency_flow.3,emergency_encrypted,664
783.0,J3,emergency_flow.3,emergency_encrypted,664
784.0,J3,emergency_flow.3,emergency_encrypted,664
785.0,J3,emergency_flow.3,emergency_encrypted,664
786.0,J3,emergency_flow.3,emergency_encrypted,664
787.0,J3,emergency_flow.3,emergency_encrypted,664
788.0,J3,emergency_flow.3,emergency_encrypted,664
789.0,J3,emergency_flow.3,emergency_encrypted,664
790.0,J3,emergency_flow.3,emergency_encrypted,664
791.0,J3,emergency_flow.3,emergency_encrypted,664
792.0,J3,emergency_flow.3,emergency_encrypted,664
793.0,J3,emergency_flow.3,emergency_encrypted,664
794.0,J3,emergency_flow.3,emergency_encrypted,664
795.0,J3,emergency_flow.3,emergency_encrypted,664
796.0,J3,emergency_flow.3,emergency_encrypted,664
797.0,J3,emergency_flow.3,emergency_encrypted,664
798.0,J3,emergency_flow.3,emergency_encrypted,664
799.0,J3,emergency_flow.3,emergency_encrypted,664
800.0,J3,emergency_flow.3,emergency_encrypted,664
801.0,J3,emergency_flow.3,emergency_encrypted,664
802.0,J3,emergency_flow.3,emergency_encrypted,664
897.0,J2,emergency_flow.4,emergency_encrypted,664
898.0,J2,emergency_flow.4,emergency_encrypted,664
899.0,J2,emergency_flow.4,emergency_encrypted,664
900.0,J2,emergency_flow.4,emergency_encrypted,664
901.0,J2,emergency_flow.4,emergency_encrypted,664
902.0,J2,emergency_flow.4,emergency_encrypted,664
903.0,J2,emergency_flow.4,emergency_encrypted,664
904.0,J2,emergency_flow.4,emergency_encrypted,664
905.0,J2,emergency_flow.4,emergency_encrypted,664
906.0,J2,emergency_flow.4,emergency_encrypted,664
907.0,J2,emergency_flow.4,emergency_encrypted,664
908.0,J2,emergency_flow.4,emergency_encrypted,660
909.0,J2,emergency_flow.4,emergency_encrypted,664
910.0,J2,emergency_flow.4,emergency_encrypted,664
911.0,J2,emergency_flow.4,emergency_encrypted,664
912.0,J2,emergency_flow.4,emergency_encrypted,664
913.0,J2,emergency_flow.4,emergency_encrypted,664
914.0,J2,emergency_flow.4,emergency_encrypted,664
915.0,J2,emergency_flow.4,emergency_encrypted,664
916.0,J2,emergency_flow.4,emergency_encrypted,664
917.0,J2,emergency_flow.4,emergency_encrypted,664
918.0,J2,emergency_flow.4,emergency_encrypted,664
919.0,J2,emergency_flow.4,emergency_encrypted,664
935.0,J3,emergency_flow.4,emergency_encrypted,660
936.0,J3,emergency_flow.4,emergency_encrypted,664
937.0,J3,emergency_flow.4,emergency_encrypted,664
938.0,J3,emergency_flow.4,emergency_encrypted,664
939.0,J3,emergency_flow.4,emergency_encrypted,664
940.0,J3,emergency_flow.4,emergency_encrypted,664
941.0,J3,emergency_flow.4,emergency_encrypted,664
942.0,J3,emergency_flow.4,emergency_encrypted,664
943.0,J3,emergency_flow.4,emergency_encrypted,664
944.0,J3,emergency_flow.4,emergency_encrypted,664
945.0,J3,emergency_flow.4,emergency_encrypted,664
946.0,J3,emergency_flow.4,emergency_encrypted,664
947.0,J3,emergency_flow.4,emergency_encrypted,664
948.0,J3,emergency_flow.4,emergency_encrypted,664
949.0,J3,emergency_flow.4,emergency_encrypted,664
950.0,J3,emergency_flow.4,emergency_encrypted,664
951.0,J3,emergency_flow.4,emergency_encrypted,664
952.0,J3,emergency_flow.4,emergency_encrypted,664
953.0,J3,emergency_flow.4,emergency_encrypted,664
954.0,J3,emergency_flow.4,emergency_encrypted,664
955.0,J3,emergency_flow.4,emergency_encrypted,664
956.0,J3,emergency_flow.4,emergency_encrypted,664
957.0,J3,emergency_flow.4,emergency_encrypted,664
967.0,J2,emergency_flow_ns.3,emergency_encrypted,668
968.0,J2,emergency_flow_ns.3,emergency_encrypted,668
969.0,J2,emergency_flow_ns.3,emergency_encrypted,668
970.0,J2,emergency_flow_ns.3,emergency_encrypted,668
971.0,J2,emergency_flow_ns.3,emergency_encrypted,668
972.0,J2,emergency_flow_ns.3,emergency_encrypted,668
973.0,J2,emergency_flow_ns.3,emergency_encrypted,668
974.0,J2,emergency_flow_ns.3,emergency_encrypted,664
975.0,J2,emergency_flow_ns.3,emergency_encrypted,668
976.0,J2,emergency_flow_ns.3,emergency_encrypted,668
977.0,J2,emergency_flow_ns.3,emergency_encrypted,668
978.0,J2,emergency_flow_ns.3,emergency_encrypted,668
979.0,J2,emergency_flow_ns.3,emergency_encrypted,668
980.0,J2,emergency_flow_ns.3,emergency_encrypted,668
981.0,J2,emergency_flow_ns.3,emergency_encrypted,668
982.0,J2,emergency_flow_ns.3,emergency_encrypted,668
983.0,J2,emergency_flow_ns.3,emergency_encrypted,668
984.0,J2,emergency_flow_ns.3,emergency_encrypted,668
985.0,J2,emergency_flow_ns.3,emergency_encrypted,668
986.0,J2,emergency_flow_ns.3,emergency_encrypted,668
987.0,J2,emergency_flow_ns.3,emergency_encrypted,668
988.0,J2,emergency_flow_ns.3,emergency_encrypted,668
989.0,J2,emergency_flow_ns.3,emergency_encrypted,668
